date,inflow_tokens,outflow_tokens,net_flow_tokens,signal
2024-06-21,0.0,0.0,0.0,neutral
2024-06-24,0.0,0.0,0.0,neutral
2024-06-25,1838333.5467885497,170047.33817082283,1668286.2086177268,bearish_pressure (net inflow to exchanges)
2024-06-26,101402.95851455665,88862.87945410136,12540.07906045529,bearish_pressure (net inflow to exchanges)
2024-06-27,56995.78484169213,44945.51105419978,12050.273787492355,bearish_pressure (net inflow to exchanges)
2024-06-28,297226.0308341193,36883.026656129485,260343.00417798982,bearish_pressure (net inflow to exchanges)
2024-06-29,80692.79852318906,27421.452027129606,53271.34649605946,bearish_pressure (net inflow to exchanges)
2024-06-30,57710.12638945027,109714.18860298705,-52004.06221353678,bullish_pressure (net outflow from exchanges)
2024-07-01,10337167.70760557,10443788.263827162,-106620.55622159131,bullish_pressure (net outflow from exchanges)
2024-07-02,339187.32381905476,188965.86873458693,150221.45508446783,bearish_pressure (net inflow to exchanges)
2024-07-03,191535.65816537786,77083.78455455072,114451.87361082714,bearish_pressure (net inflow to exchanges)
2024-07-04,832811.0352923438,97396.78300193549,735414.2522904084,bearish_pressure (net inflow to exchanges)
2024-07-05,733870.3002350434,652935.7529101464,80934.54732489702,bearish_pressure (net inflow to exchanges)
2024-07-06,97059.18409601269,130050.16772684088,-32990.983630828196,bullish_pressure (net outflow from exchanges)
2024-07-07,155292.4716482162,57217.04534688124,98075.42630133496,bearish_pressure (net inflow to exchanges)
2024-07-08,444802.12715489214,277794.07353593,167008.05361896212,bearish_pressure (net inflow to exchanges)
2024-07-09,422645.30323830293,214156.32677766695,208488.97646063598,bearish_pressure (net inflow to exchanges)
2024-07-10,278213.6584897115,152862.1151805406,125351.54330917093,bearish_pressure (net inflow to exchanges)
2024-07-11,9456039.580838392,261463.3514647346,9194576.229373656,bearish_pressure (net inflow to exchanges)
2024-07-12,81728.70765323163,47070.138453780695,34658.56919945093,bearish_pressure (net inflow to exchanges)
2024-07-13,237775.78592978365,150753.6649058669,87022.12102391676,bearish_pressure (net inflow to exchanges)
2024-07-14,69899.78798215657,114406.63891491295,-44506.85093275638,bullish_pressure (net outflow from exchanges)
2024-07-15,174929.3208593294,199821.22179578937,-24891.900936459977,bullish_pressure (net outflow from exchanges)
2024-07-16,171581.57087776696,103451.84096813278,68129.72990963419,bearish_pressure (net inflow to exchanges)
2024-07-17,112160.62522857726,119971.53433744409,-7810.909108866821,bullish_pressure (net outflow from exchanges)
2024-07-18,1591813.7725725826,10110378.346063659,-8518564.573491076,bullish_pressure (net outflow from exchanges)
2024-07-19,167988.55218158851,625739.966178933,-457751.41399734456,bullish_pressure (net outflow from exchanges)
2024-07-20,124388.1109885375,201524.41376946936,-77136.30278093186,bullish_pressure (net outflow from exchanges)
2024-07-21,968523.0704091848,327487.069270296,641036.0011388888,bearish_pressure (net inflow to exchanges)
2024-07-22,157832.5045011436,97271.24964591383,60561.25485522975,bearish_pressure (net inflow to exchanges)
2024-07-23,197704.43368939406,519485.4186029033,-321780.9849135092,bullish_pressure (net outflow from exchanges)
2024-07-24,254341.8410787429,190939.59257095394,63402.24850778896,bearish_pressure (net inflow to exchanges)
2024-07-25,234140.26291866435,164911.23592840676,69229.02699025758,bearish_pressure (net inflow to exchanges)
2024-07-26,185353.29669034545,211972.9259747951,-26619.62928444965,bullish_pressure (net outflow from exchanges)
2024-07-27,199707.26753074914,146823.50295707947,52883.76457366967,bearish_pressure (net inflow to exchanges)
2024-07-28,362907.1978560062,293415.8166471337,69491.38120887254,bearish_pressure (net inflow to exchanges)
2024-07-29,421725.8366051478,216472.26041439836,205253.57619074945,bearish_pressure (net inflow to exchanges)
2024-07-30,498902.58908302133,431140.8653102264,67761.72377279494,bearish_pressure (net inflow to exchanges)
2024-07-31,247740.62109220296,101730.49529354651,146010.12579865643,bearish_pressure (net inflow to exchanges)
2024-08-01,122750.05712866236,261375.96350514758,-138625.90637648522,bullish_pressure (net outflow from exchanges)
2024-08-02,197919.4394417903,149783.0532729618,48136.386168828496,bearish_pressure (net inflow to exchanges)
2024-08-03,177087.6157229608,99074.80489630153,78012.81082665926,bearish_pressure (net inflow to exchanges)
2024-08-04,348938.8906640471,307386.26752170885,41552.62314233824,bearish_pressure (net inflow to exchanges)
2024-08-05,824209.8157724013,648172.3123648935,176037.5034075078,bearish_pressure (net inflow to exchanges)
2024-08-06,236334.3292621731,254308.82325492287,-17974.493992749776,bullish_pressure (net outflow from exchanges)
2024-08-07,280882.72998895816,122433.14031003072,158449.58967892744,bearish_pressure (net inflow to exchanges)
2024-08-08,132116.1830228829,237773.52004541407,-105657.33702253117,bullish_pressure (net outflow from exchanges)
2024-08-09,136401.1795476867,91938.06620395112,44463.11334373559,bearish_pressure (net inflow to exchanges)
2024-08-10,47080.827786995,36505.58108969092,10575.246697304086,bearish_pressure (net inflow to exchanges)
2024-08-11,141025.3678400228,95435.36418053079,45590.003659492024,bearish_pressure (net inflow to exchanges)
2024-08-12,388940.0291139594,196467.86424668357,192472.16486727583,bearish_pressure (net inflow to exchanges)
2024-08-13,76789.13738328977,95427.063106229,-18637.92572293924,bullish_pressure (net outflow from exchanges)
2024-08-14,105429.0344194104,106447.98250852177,-1018.9480891113781,bullish_pressure (net outflow from exchanges)
2024-08-15,158203.81085934892,58764.71365762838,99439.09720172053,bearish_pressure (net inflow to exchanges)
2024-08-16,145945.03402379618,39184.805065852495,106760.22895794368,bearish_pressure (net inflow to exchanges)
2024-08-17,44932.65194834541,73267.74769323217,-28335.095744886763,bullish_pressure (net outflow from exchanges)
2024-08-18,44942.761526790935,53630.691052005925,-8687.92952521499,bullish_pressure (net outflow from exchanges)
2024-08-19,83442.06957019787,75687.36588044876,7754.703689749105,bearish_pressure (net inflow to exchanges)
2024-08-20,53344.65195615849,34997.51890913088,18347.133047027608,bearish_pressure (net inflow to exchanges)
2024-08-21,103773.3567834486,99223.33140764241,4550.025375806188,bearish_pressure (net inflow to exchanges)
2024-08-22,82258.83250612322,102009.57678072763,-19750.74427460441,bullish_pressure (net outflow from exchanges)
2024-08-23,102025.66659489325,140045.93988818434,-38020.27329329109,bullish_pressure (net outflow from exchanges)
2024-08-24,93682.65159320766,180435.91504266107,-86753.26344945341,bullish_pressure (net outflow from exchanges)
2024-08-25,105732.54622846517,71431.71692401441,34300.82930445076,bearish_pressure (net inflow to exchanges)
2024-08-26,174178.35123367052,103257.99839826649,70920.35283540403,bearish_pressure (net inflow to exchanges)
2024-08-27,77658.79924705626,105459.17071946309,-27800.371472406827,bullish_pressure (net outflow from exchanges)
2024-08-28,191141.7425494098,158046.5602078835,33095.18234152629,bearish_pressure (net inflow to exchanges)
2024-08-29,102180.06411510459,116659.99375285786,-14479.929637753274,bullish_pressure (net outflow from exchanges)
2024-08-30,181837.6258147512,142771.18098203512,39066.44483271608,bearish_pressure (net inflow to exchanges)
2024-08-31,67154.9174766661,20166.227194178697,46988.690282487405,bearish_pressure (net inflow to exchanges)
2024-09-01,115766.2460901061,112356.023856142,3410.222233964101,bearish_pressure (net inflow to exchanges)
2024-09-02,58196.40741480477,56474.76713340551,1721.6402813992609,bearish_pressure (net inflow to exchanges)
2024-09-03,182034.64001286947,127418.70355162193,54615.93646124753,bearish_pressure (net inflow to exchanges)
2024-09-04,131991.53789068334,110927.79641075556,21063.741479927776,bearish_pressure (net inflow to exchanges)
2024-09-05,134573.1567600336,92986.72042628234,41586.43633375126,bearish_pressure (net inflow to exchanges)
2024-09-06,447347.1263808776,293109.38982079166,154237.73656008596,bearish_pressure (net inflow to exchanges)
2024-09-07,311099.760445919,143179.73250575343,167920.02794016557,bearish_pressure (net inflow to exchanges)
2024-09-08,116649.79500390786,174754.2287647711,-58104.43376086325,bullish_pressure (net outflow from exchanges)
2024-09-09,437194.09325759026,205602.8511311912,231591.24212639907,bearish_pressure (net inflow to exchanges)
2024-09-10,154065.06257544874,244693.64515015553,-90628.58257470679,bullish_pressure (net outflow from exchanges)
2024-09-11,150487.9953858206,132203.6321727871,18284.363213033503,bearish_pressure (net inflow to exchanges)
2024-09-12,80774.82559478139,117200.307636047,-36425.48204126561,bullish_pressure (net outflow from exchanges)
2024-09-13,89965.09859056018,85853.34217018602,4111.756420374164,bearish_pressure (net inflow to exchanges)
2024-09-14,232906.51212776898,74683.55960837929,158222.95251938968,bearish_pressure (net inflow to exchanges)
2024-09-15,141848.22338445386,32101.180134252056,109747.0432502018,bearish_pressure (net inflow to exchanges)
2024-09-16,114597.90284335635,60378.782527723444,54219.12031563291,bearish_pressure (net inflow to exchanges)
2024-09-17,173285.77344043233,212507.96075296547,-39222.18731253315,bullish_pressure (net outflow from exchanges)
2024-09-18,210588.12983248915,157085.2675910747,53502.86224141446,bearish_pressure (net inflow to exchanges)
2024-09-19,220426.25113621633,275705.6915699332,-55279.44043371687,bullish_pressure (net outflow from exchanges)
2024-09-20,280054.0281989981,170826.08010642813,109227.94809256995,bearish_pressure (net inflow to exchanges)
2024-09-21,66069.42925797503,64050.975884843174,2018.4533731318588,bearish_pressure (net inflow to exchanges)
2024-09-22,184955.8567740131,122634.82397316417,62321.032800848945,bearish_pressure (net inflow to exchanges)
2024-09-23,226246.03110894305,275486.9015855746,-49240.870476631564,bullish_pressure (net outflow from exchanges)
2024-09-24,629907.0333600388,568699.9165662811,61207.116793757654,bearish_pressure (net inflow to exchanges)
2024-09-25,384715.5590111864,293606.7507148878,91108.80829629861,bearish_pressure (net inflow to exchanges)
2024-09-26,386305.7376976836,341114.5149517837,45191.222745899926,bearish_pressure (net inflow to exchanges)
2024-09-27,601848.2750850003,306978.7421263511,294869.5329586492,bearish_pressure (net inflow to exchanges)
2024-09-28,119744.16227324257,442477.8855570632,-322733.72328382067,bullish_pressure (net outflow from exchanges)
2024-09-29,114437.36402183677,77386.96987274819,37050.39414908858,bearish_pressure (net inflow to exchanges)
2024-09-30,99640.14336115062,137064.9371485326,-37424.793787381976,bullish_pressure (net outflow from exchanges)
2024-10-01,481600.4007209004,196462.76327323072,285137.63744766964,bearish_pressure (net inflow to exchanges)
2024-10-02,155896.27675619518,133657.80493067947,22238.471825515706,bearish_pressure (net inflow to exchanges)
2024-10-03,135440.4805719102,102664.95531856536,32775.52525334482,bearish_pressure (net inflow to exchanges)
2024-10-04,95270.35218161505,138102.36315956066,-42832.01097794561,bullish_pressure (net outflow from exchanges)
2024-10-05,118972.62629364367,12850.303864976673,106122.322428667,bearish_pressure (net inflow to exchanges)
2024-10-06,152340.0783616361,129908.58280543785,22431.495556198235,bearish_pressure (net inflow to exchanges)
2024-10-07,292806.8478804196,191190.91541517145,101615.93246524813,bearish_pressure (net inflow to exchanges)
2024-10-08,88889.35794003814,80475.76292168954,8413.595018348598,bearish_pressure (net inflow to exchanges)
2024-10-09,652489.341972033,335426.8642448553,317062.4777271777,bearish_pressure (net inflow to exchanges)
2024-10-10,89900.8269852465,116665.72898936723,-26764.902004120726,bullish_pressure (net outflow from exchanges)
2024-10-11,174434.6567788581,169167.60073119018,5267.056047667924,bearish_pressure (net inflow to exchanges)
2024-10-12,202242.1944457215,161447.18777552023,40795.006670201285,bearish_pressure (net inflow to exchanges)
2024-10-13,197773.74799226146,30970.343069939492,166803.40492232196,bearish_pressure (net inflow to exchanges)
2024-10-14,175708.18319843354,184571.4540311015,-8863.270832667942,bullish_pressure (net outflow from exchanges)
2024-10-15,120039.16288749759,71412.49318741444,48626.66970008315,bearish_pressure (net inflow to exchanges)
2024-10-16,87277.80947420768,147493.2144788732,-60215.40500466553,bullish_pressure (net outflow from exchanges)
2024-10-17,212102.94200344582,129491.81093447102,82611.13106897479,bearish_pressure (net inflow to exchanges)
2024-10-18,253673.6474974866,197234.73971424825,56438.90778323836,bearish_pressure (net inflow to exchanges)
2024-10-19,128659.12852021719,113406.19202843079,15252.9364917864,bearish_pressure (net inflow to exchanges)
2024-10-20,137353.95714536062,106117.64480485402,31236.3123405066,bearish_pressure (net inflow to exchanges)
2024-10-21,351101.94177838834,171691.93583420143,179410.0059441869,bearish_pressure (net inflow to exchanges)
2024-10-22,238029.79964305466,174838.27238059975,63191.52726245491,bearish_pressure (net inflow to exchanges)
2024-10-23,163420.09105680458,134538.483212403,28881.607844401587,bearish_pressure (net inflow to exchanges)
2024-10-24,147568.56973126007,100800.56036484263,46768.009366417435,bearish_pressure (net inflow to exchanges)
2024-10-25,127665.49642552996,73950.22096219656,53715.2754633334,bearish_pressure (net inflow to exchanges)
2024-10-26,155586.2497927635,42758.617931043256,112827.63186172023,bearish_pressure (net inflow to exchanges)
2024-10-27,148846.93892690548,135687.53722586948,13159.401701035997,bearish_pressure (net inflow to exchanges)
2024-10-28,45459.01532962464,77357.89949420649,-31898.884164581847,bullish_pressure (net outflow from exchanges)
2024-10-29,297695.7816519027,256869.60548928162,40826.176162621094,bearish_pressure (net inflow to exchanges)
2024-10-30,146720.47105178144,85514.799734827,61205.67131695444,bearish_pressure (net inflow to exchanges)
2024-10-31,87719.52784628517,45398.89554934239,42320.63229694278,bearish_pressure (net inflow to exchanges)
2024-11-01,82838.79464019695,105987.257248439,-23148.462608242044,bullish_pressure (net outflow from exchanges)
2024-11-02,81714.45057447393,41016.59719630358,40697.85337817035,bearish_pressure (net inflow to exchanges)
2024-11-03,226965.64860784437,61763.19495482393,165202.45365302044,bearish_pressure (net inflow to exchanges)
2024-11-04,303890.7065214471,135673.4434902192,168217.26303122792,bearish_pressure (net inflow to exchanges)
2024-11-05,189999.99010854497,181234.9299328644,8765.060175680555,bearish_pressure (net inflow to exchanges)
2024-11-06,217189.71608822752,247528.16717812972,-30338.4510899022,bullish_pressure (net outflow from exchanges)
2024-11-07,378722.39469115686,81264.40775352989,297457.98693762696,bearish_pressure (net inflow to exchanges)
2024-11-08,596167.9758246507,460594.13845935155,135573.83736529917,bearish_pressure (net inflow to exchanges)
2024-11-09,588849.8511580884,519375.0277891288,69474.8233689596,bearish_pressure (net inflow to exchanges)
2024-11-10,193648.43794285491,261235.57771837543,-67587.13977552051,bullish_pressure (net outflow from exchanges)
2024-11-11,226006.39551055725,240294.0687915945,-14287.673281037249,bullish_pressure (net outflow from exchanges)
2024-11-12,334872.5083613527,328677.2012514276,6195.307109925139,bearish_pressure (net inflow to exchanges)
2024-11-13,384729.6467431349,289219.3379745348,95510.30876860011,bearish_pressure (net inflow to exchanges)
2024-11-14,544271.6292792046,441106.7008660997,103164.92841310496,bearish_pressure (net inflow to exchanges)
2024-11-15,276061.1740519649,177000.07072462974,99061.10332733515,bearish_pressure (net inflow to exchanges)
2024-11-16,647699.1583928274,532150.097986831,115549.0604059964,bearish_pressure (net inflow to exchanges)
2024-11-17,351742.16358901974,438611.68614882673,-86869.522559807,bullish_pressure (net outflow from exchanges)
2024-11-18,461214.4352222394,375762.94400347647,85451.49121876294,bearish_pressure (net inflow to exchanges)
2024-11-19,292380.882782364,146457.6590179529,145923.2237644111,bearish_pressure (net inflow to exchanges)
2024-11-20,342889.3635927506,230645.9853240433,112243.37826870734,bearish_pressure (net inflow to exchanges)
2024-11-21,293056.78644376685,267390.002403305,25666.78404046182,bearish_pressure (net inflow to exchanges)
2024-11-22,256012.92900300195,331187.7408518874,-75174.81184888544,bullish_pressure (net outflow from exchanges)
2024-11-23,519323.95366763684,499402.577539506,19921.376128130825,bearish_pressure (net inflow to exchanges)
2024-11-24,600252.0559055007,631717.0953006307,-31465.039395130007,bullish_pressure (net outflow from exchanges)
2024-11-25,378487.0123479815,134587.660769459,243899.3515785225,bearish_pressure (net inflow to exchanges)
2024-11-26,184708.7100656759,172497.72466172837,12210.985403947532,bearish_pressure (net inflow to exchanges)
2024-11-27,300294.1138614958,332047.9594629642,-31753.845601468405,bullish_pressure (net outflow from exchanges)
2024-11-28,247026.77872217709,317464.00106746575,-70437.22234528867,bullish_pressure (net outflow from exchanges)
2024-11-29,186946.7501879227,181970.72084066717,4976.029347255535,bearish_pressure (net inflow to exchanges)
2024-11-30,426235.7524554981,398382.64717574505,27853.105279753043,bearish_pressure (net inflow to exchanges)
2024-12-01,540728.2661401278,448209.77007968805,92518.49606043973,bearish_pressure (net inflow to exchanges)
2024-12-02,318464.6366595969,248512.1103840198,69952.52627557708,bearish_pressure (net inflow to exchanges)
2024-12-03,251052.7688133378,173835.01682577736,77217.75198756045,bearish_pressure (net inflow to exchanges)
2024-12-04,335573.03673854505,324971.1258211487,10601.910917396366,bearish_pressure (net inflow to exchanges)
2024-12-05,3422939.9048114307,272328.55342387775,3150611.351387553,bearish_pressure (net inflow to exchanges)
2024-12-06,639624.2200874792,3320548.5005593672,-2680924.280471888,bullish_pressure (net outflow from exchanges)
2024-12-07,640156.6488443434,496874.52496669325,143282.12387765013,bearish_pressure (net inflow to exchanges)
2024-12-08,152439.49189420004,250475.56882052458,-98036.07692632455,bullish_pressure (net outflow from exchanges)
2024-12-09,226783.9414826814,161430.83930454787,65353.10217813353,bearish_pressure (net inflow to exchanges)
2024-12-10,270727.56841826724,183332.31642601313,87395.25199225411,bearish_pressure (net inflow to exchanges)
2024-12-11,347117.19014794927,423328.38965079916,-76211.1995028499,bullish_pressure (net outflow from exchanges)
2024-12-12,264842.2634486685,166270.3895847401,98571.87386392843,bearish_pressure (net inflow to exchanges)
2024-12-13,156054.24862516925,107044.34520802188,49009.90341714736,bearish_pressure (net inflow to exchanges)
2024-12-14,159141.4145941645,88507.59062343645,70633.82397072804,bearish_pressure (net inflow to exchanges)
2024-12-15,113151.34846929945,146961.0711720156,-33809.72270271614,bullish_pressure (net outflow from exchanges)
2024-12-16,244443.93896217606,88031.01706324285,156412.92189893321,bearish_pressure (net inflow to exchanges)
2024-12-17,182086.6799848986,83187.00889288225,98899.67109201635,bearish_pressure (net inflow to exchanges)
2024-12-18,180637.69480152824,59661.79979519441,120975.89500633383,bearish_pressure (net inflow to exchanges)
2024-12-19,471692.0241071037,170933.26570019373,300758.75840691,bearish_pressure (net inflow to exchanges)
2024-12-20,445574.86478182307,333275.3385624415,112299.52621938154,bearish_pressure (net inflow to exchanges)
2024-12-21,396005.0789677791,200183.12787459732,195821.9510931818,bearish_pressure (net inflow to exchanges)
2024-12-22,174207.73483962298,220752.30450157623,-46544.569661953254,bullish_pressure (net outflow from exchanges)
2024-12-23,169381.99879193745,161386.4965890426,7995.502202894859,bearish_pressure (net inflow to exchanges)
2024-12-24,295479.83934166934,354370.233242742,-58890.393901072675,bullish_pressure (net outflow from exchanges)
2024-12-25,600097.672665607,89306.45913988516,510791.2135257218,bearish_pressure (net inflow to exchanges)
2024-12-26,112537.58137552926,147576.38539365112,-35038.80401812185,bullish_pressure (net outflow from exchanges)
2024-12-27,97223.82019808792,414220.1669720164,-316996.3467739285,bullish_pressure (net outflow from exchanges)
2024-12-28,187678.42644363025,291060.78013658035,-103382.3536929501,bullish_pressure (net outflow from exchanges)
2024-12-29,102563.16903377701,84210.09068731009,18353.078346466922,bearish_pressure (net inflow to exchanges)
2024-12-30,191826.99509778759,233123.07667726095,-41296.081579473364,bullish_pressure (net outflow from exchanges)
2024-12-31,106702.16620694453,142641.59675174736,-35939.43054480283,bullish_pressure (net outflow from exchanges)
2025-01-01,211799.56548967282,185574.71259047405,26224.85289919877,bearish_pressure (net inflow to exchanges)
2025-01-02,390529.8520878592,442358.07910937036,-51828.22702151118,bullish_pressure (net outflow from exchanges)
2025-01-03,947557.5684596513,517594.794853836,429962.7736058153,bearish_pressure (net inflow to exchanges)
2025-01-04,212016.07718199975,482536.39112837124,-270520.3139463715,bullish_pressure (net outflow from exchanges)
2025-01-05,499130.62690403784,709716.2203962556,-210585.59349221777,bullish_pressure (net outflow from exchanges)
2025-01-06,467371.554129843,417733.45665934455,49638.09747049847,bearish_pressure (net inflow to exchanges)
2025-01-07,252581.50490712584,166518.46681771538,86063.03808941046,bearish_pressure (net inflow to exchanges)
2025-01-08,391157.94521355745,354252.54672518605,36905.3984883714,bearish_pressure (net inflow to exchanges)
2025-01-09,409707.9148209271,183616.17551192112,226091.73930900596,bearish_pressure (net inflow to exchanges)
2025-01-10,119893.88884563523,303949.71029102633,-184055.8214453911,bullish_pressure (net outflow from exchanges)
2025-01-11,124575.99234114996,108749.75749073621,15826.234850413748,bearish_pressure (net inflow to exchanges)
2025-01-12,172576.44081269283,101711.67021227737,70864.77060041546,bearish_pressure (net inflow to exchanges)
2025-01-13,345757.52636942617,369542.7237771675,-23785.197407741332,bullish_pressure (net outflow from exchanges)
2025-01-14,180777.80088104363,116691.81210514228,64085.98877590135,bearish_pressure (net inflow to exchanges)
2025-01-15,156819.03423885343,261691.14123695358,-104872.10699810015,bullish_pressure (net outflow from exchanges)
2025-01-16,227948.13774277497,131699.57125065816,96248.5664921168,bearish_pressure (net inflow to exchanges)
2025-01-17,307746.1147021757,351650.2957835634,-43904.18108138768,bullish_pressure (net outflow from exchanges)
2025-01-18,525471.1066955314,381690.93260640965,143780.17408912175,bearish_pressure (net inflow to exchanges)
2025-01-19,543164.3409136182,277489.39716447366,265674.94374914456,bearish_pressure (net inflow to exchanges)
2025-01-20,700238.09108563,398949.33520206215,301288.75588356785,bearish_pressure (net inflow to exchanges)
2025-01-21,554005.251484744,652416.5520456777,-98411.30056093365,bullish_pressure (net outflow from exchanges)
2025-01-22,167231.045518712,227693.28605752008,-60462.24053880808,bullish_pressure (net outflow from exchanges)
2025-01-23,480800.47323464754,286161.54077231704,194638.9324623305,bearish_pressure (net inflow to exchanges)
2025-01-24,212656.89429434275,173707.4633783226,38949.43091602015,bearish_pressure (net inflow to exchanges)
2025-01-25,470652.87563699135,372379.0706755416,98273.80496144976,bearish_pressure (net inflow to exchanges)
2025-01-26,359015.0571828342,446546.28285275685,-87531.22566992266,bullish_pressure (net outflow from exchanges)
2025-01-27,504039.76929927105,404865.33209909435,99174.4372001767,bearish_pressure (net inflow to exchanges)
2025-01-28,250876.3429506751,280743.8064699822,-29867.463519307086,bullish_pressure (net outflow from exchanges)
2025-01-29,196843.33665172855,140181.46667976113,56661.86997196742,bearish_pressure (net inflow to exchanges)
2025-01-30,251758.60201069972,274370.1382678017,-22611.53625710201,bullish_pressure (net outflow from exchanges)
2025-01-31,190145.27978109271,237947.42728019168,-47802.14749909897,bullish_pressure (net outflow from exchanges)
2025-02-01,328240.1797303685,334247.31112921,-6007.131398841506,bullish_pressure (net outflow from exchanges)
2025-02-02,506401.54443779506,306933.27091338806,199468.273524407,bearish_pressure (net inflow to exchanges)
2025-02-03,840727.4157687076,844630.980049149,-3903.56428044138,bullish_pressure (net outflow from exchanges)
2025-02-04,276948.1595785952,262866.94576279336,14081.213815801835,bearish_pressure (net inflow to exchanges)
2025-02-05,778062.044705018,841012.5769422731,-62950.532237255014,bullish_pressure (net outflow from exchanges)
2025-02-06,1997708.8053230336,1773526.890165459,224181.9151575747,bearish_pressure (net inflow to exchanges)
2025-02-07,405417.0289884904,268047.9015290231,137369.12745946733,bearish_pressure (net inflow to exchanges)
2025-02-08,255870.90873427037,457350.066290586,-201479.15755631565,bullish_pressure (net outflow from exchanges)
2025-02-09,119483.19323904993,178486.2127969633,-59003.01955791336,bullish_pressure (net outflow from exchanges)
2025-02-10,299358.47938837105,280103.22890987626,19255.250478494796,bearish_pressure (net inflow to exchanges)
2025-02-11,239597.4756389148,387187.9745522446,-147590.4989133298,bullish_pressure (net outflow from exchanges)
2025-02-12,115598.03436762797,133726.0483363151,-18128.01396868714,bullish_pressure (net outflow from exchanges)
2025-02-13,177732.64233481055,266119.48790312227,-88386.84556831172,bullish_pressure (net outflow from exchanges)
2025-02-14,182810.5646202736,177730.6886260156,5079.875994258007,bearish_pressure (net inflow to exchanges)
2025-02-15,74424.42194902744,64234.87972796241,10189.542221065029,bearish_pressure (net inflow to exchanges)
2025-02-16,265054.7589878697,214051.6466468094,51003.11234106033,bearish_pressure (net inflow to exchanges)
2025-02-17,631691.3614458763,339013.13848604047,292678.22295983584,bearish_pressure (net inflow to exchanges)
2025-02-18,227687.53272762836,133916.52784061403,93771.00488701434,bearish_pressure (net inflow to exchanges)
2025-02-19,537990.245548221,451717.5260566014,86272.71949161967,bearish_pressure (net inflow to exchanges)
2025-02-20,329282.8666863224,182824.04685742097,146458.8198289014,bearish_pressure (net inflow to exchanges)
2025-02-21,278580.6437710449,387885.0647076609,-109304.42093661596,bullish_pressure (net outflow from exchanges)
2025-02-22,117095.89700491846,219647.15603667192,-102551.25903175346,bullish_pressure (net outflow from exchanges)
2025-02-23,254272.76184907707,233517.86573383948,20754.896115237585,bearish_pressure (net inflow to exchanges)
2025-02-24,616585.2136495782,321572.4314734653,295012.7821761129,bearish_pressure (net inflow to exchanges)
2025-02-25,972516.2123138488,916474.6733752881,56041.53893856064,bearish_pressure (net inflow to exchanges)
2025-02-26,840320.7827014184,645738.1794110757,194582.60329034273,bearish_pressure (net inflow to exchanges)
2025-02-27,1083348.3355296815,465125.997388968,618222.3381407135,bearish_pressure (net inflow to exchanges)
2025-02-28,2774747.785669634,2260853.841112981,513893.94455665303,bearish_pressure (net inflow to exchanges)
2025-03-01,505075.4710126112,715187.1564042503,-210111.68539163913,bullish_pressure (net outflow from exchanges)
2025-03-02,351414.6739368196,611467.9219316083,-260053.24799478875,bullish_pressure (net outflow from exchanges)
2025-03-03,723424.0177586332,476056.18268535926,247367.83507327398,bearish_pressure (net inflow to exchanges)
2025-03-04,630710.1601517084,743529.6975328806,-112819.53738117218,bullish_pressure (net outflow from exchanges)
2025-03-05,338669.6279806762,371172.0473450071,-32502.419364330883,bullish_pressure (net outflow from exchanges)
2025-03-06,87775.28245925988,66160.57015810999,21614.71230114989,bearish_pressure (net inflow to exchanges)
2025-03-07,595340.365178565,391463.69059006847,203876.67458849656,bearish_pressure (net inflow to exchanges)
2025-03-08,461908.9547866426,448885.6447428981,13023.310043744452,bearish_pressure (net inflow to exchanges)
2025-03-09,878527.1392742059,880160.843761882,-1633.7044876761502,bullish_pressure (net outflow from exchanges)
2025-03-10,1435855.2784194008,1126933.3067426155,308921.97167678527,bearish_pressure (net inflow to exchanges)
2025-03-11,1081923.688699071,986894.598636078,95029.09006299311,bearish_pressure (net inflow to exchanges)
2025-03-12,303088.7793707635,444316.36725274986,-141227.58788198634,bullish_pressure (net outflow from exchanges)
2025-03-13,184981.4813350824,219359.2231629318,-34377.741827849386,bullish_pressure (net outflow from exchanges)
2025-03-14,223744.72483501481,218320.62653160404,5424.098303410778,bearish_pressure (net inflow to exchanges)
2025-03-15,139882.57195168606,156028.93548507564,-16146.36353338958,bullish_pressure (net outflow from exchanges)
2025-03-16,121310.98457495173,59951.51556983873,61359.469005112995,bearish_pressure (net inflow to exchanges)
2025-03-17,191530.053716947,213284.45673476695,-21754.403017819946,bullish_pressure (net outflow from exchanges)
2025-03-18,218684.98840150077,96372.91917586229,122312.06922563848,bearish_pressure (net inflow to exchanges)
2025-03-19,385751.1438964892,314971.2688583248,70779.87503816438,bearish_pressure (net inflow to exchanges)
2025-03-20,88693.79168663152,311759.11532887333,-223065.32364224183,bullish_pressure (net outflow from exchanges)
2025-03-21,91499.87376120809,114093.7894044374,-22593.91564322931,bullish_pressure (net outflow from exchanges)
2025-03-22,69083.22255116269,120844.5952899404,-51761.3727387777,bullish_pressure (net outflow from exchanges)
2025-03-23,90981.33951009213,129218.74426776564,-38237.4047576735,bullish_pressure (net outflow from exchanges)
2025-03-24,136579.8307540756,298599.58365208516,-162019.75289800955,bullish_pressure (net outflow from exchanges)
2025-03-25,351209.0544653121,480195.9111600405,-128986.85669472837,bullish_pressure (net outflow from exchanges)
2025-03-26,315396.32237714506,392319.3960457496,-76923.07366860454,bullish_pressure (net outflow from exchanges)
2025-03-27,84903.72521407195,133208.70955786385,-48304.984343791904,bullish_pressure (net outflow from exchanges)
2025-03-28,221974.23028491676,212663.05297606392,9311.177308852843,bearish_pressure (net inflow to exchanges)
2025-03-29,391665.66443631775,274618.9696710198,117046.69476529793,bearish_pressure (net inflow to exchanges)
2025-03-30,124907.78929479123,163690.95105215066,-38783.16175735943,bullish_pressure (net outflow from exchanges)
2025-03-31,387023.30782875034,413106.8644452609,-26083.556616510556,bullish_pressure (net outflow from exchanges)
2025-04-01,389860.84992306563,554294.6302853546,-164433.78036228893,bullish_pressure (net outflow from exchanges)
2025-04-02,779349.2940153893,419549.9842709822,359799.3097444071,bearish_pressure (net inflow to exchanges)
2025-04-03,332498.62717064004,280918.1786719376,51580.44849870243,bearish_pressure (net inflow to exchanges)
2025-04-04,168429.1671416519,101236.44118693945,67192.72595471246,bearish_pressure (net inflow to exchanges)
2025-04-05,67675.64901182753,82080.45211807915,-14404.803106251624,bullish_pressure (net outflow from exchanges)
2025-04-06,186678.3568915264,158671.77497972417,28006.581911802234,bearish_pressure (net inflow to exchanges)
2025-04-07,1261263.2672885892,1024186.454837159,237076.81245143013,bearish_pressure (net inflow to exchanges)
2025-04-08,328145.866439456,383622.53889268474,-55476.67245322873,bullish_pressure (net outflow from exchanges)
2025-04-09,739726.8231535965,524148.0784466864,215578.7447069101,bearish_pressure (net inflow to exchanges)
2025-04-10,149350.02967057677,637318.0183952701,-487967.9887246933,bullish_pressure (net outflow from exchanges)
2025-04-11,144885.83149540395,236989.4385665783,-92103.60707117434,bullish_pressure (net outflow from exchanges)
2025-04-12,113596.17788738296,172895.5228532918,-59299.34496590884,bullish_pressure (net outflow from exchanges)
2025-04-13,316636.54352880415,290639.7928853419,25996.750643462234,bearish_pressure (net inflow to exchanges)
2025-04-14,473427.3094041509,351333.6315322004,122093.6778719505,bearish_pressure (net inflow to exchanges)
2025-04-15,323160.1571225822,155660.51714017245,167499.63998240975,bearish_pressure (net inflow to exchanges)
2025-04-16,63777.63889229757,187920.4960310612,-124142.85713876362,bullish_pressure (net outflow from exchanges)
2025-04-17,105216.80066843542,139051.38700602067,-33834.58633758525,bullish_pressure (net outflow from exchanges)
2025-04-18,94909.9725817045,63349.755573821974,31560.217007882522,bearish_pressure (net inflow to exchanges)
2025-04-19,96419.68788459734,50302.661217603,46117.02666699434,bearish_pressure (net inflow to exchanges)
2025-04-20,68347.42096681302,102391.98753365043,-34044.56656683741,bullish_pressure (net outflow from exchanges)
2025-04-21,61758.94591913367,151487.2867462707,-89728.34082713703,bullish_pressure (net outflow from exchanges)
2025-04-22,375425.42607847287,392036.31116268423,-16610.88508421136,bullish_pressure (net outflow from exchanges)
2025-04-23,479399.17589548026,574846.766387367,-95447.59049188677,bullish_pressure (net outflow from exchanges)
2025-04-24,230100.2478807555,311025.6913007517,-80925.44341999621,bullish_pressure (net outflow from exchanges)
2025-04-25,591181.4466234298,751216.6408552331,-160035.1942318033,bullish_pressure (net outflow from exchanges)
2025-04-26,134420.30952641682,100225.29930728053,34195.0102191363,bearish_pressure (net inflow to exchanges)
2025-04-27,146060.0431141518,121309.21588427866,24750.827229873146,bearish_pressure (net inflow to exchanges)
2025-04-28,331337.36625590717,241938.23707900822,89399.12917689895,bearish_pressure (net inflow to exchanges)
2025-04-29,450775.9556747723,486110.3523378526,-35334.39666308026,bullish_pressure (net outflow from exchanges)
2025-04-30,121930.30061240733,88797.26026256251,33133.040349844814,bearish_pressure (net inflow to exchanges)
2025-05-01,182213.54043756827,386374.75893300044,-204161.21849543217,bullish_pressure (net outflow from exchanges)
2025-05-02,287413.1424488968,280263.42905860813,7149.713390288642,bearish_pressure (net inflow to exchanges)
2025-05-03,174779.26286094764,140758.34128044426,34020.921580503375,bearish_pressure (net inflow to exchanges)
2025-05-04,79480.33302500391,82105.87288177777,-2625.5398567738594,bullish_pressure (net outflow from exchanges)
2025-05-05,223222.73307785072,114613.37302042096,108609.36005742976,bearish_pressure (net inflow to exchanges)
2025-05-06,77925.6830473885,104501.48906945116,-26575.80602206265,bullish_pressure (net outflow from exchanges)
2025-05-07,134851.38990783895,148018.2746119503,-13166.884704111348,bullish_pressure (net outflow from exchanges)
2025-05-08,622789.6327277428,837352.8326857435,-214563.19995800068,bullish_pressure (net outflow from exchanges)
2025-05-09,902175.0749247413,566716.5206110526,335458.55431368866,bearish_pressure (net inflow to exchanges)
2025-05-10,253398.3439334579,674151.0131736903,-420752.66924023244,bullish_pressure (net outflow from exchanges)
2025-05-11,408919.35220987274,246886.12976605044,162033.2224438223,bearish_pressure (net inflow to exchanges)
2025-05-12,1231056.354136023,560812.3060162701,670244.0481197529,bearish_pressure (net inflow to exchanges)
2025-05-13,324053.15017218003,245207.1371346687,78846.01303751132,bearish_pressure (net inflow to exchanges)
2025-05-14,94675.3053014127,71635.5910217349,23039.714279677806,bearish_pressure (net inflow to exchanges)
2025-05-15,172844.74869429757,146925.90594596986,25918.842748327705,bearish_pressure (net inflow to exchanges)
2025-05-16,70111.42910087694,69260.21365518852,851.2154456884164,bearish_pressure (net inflow to exchanges)
2025-05-17,162193.7539771334,165848.97257615993,-3655.218599026528,bullish_pressure (net outflow from exchanges)
2025-05-18,172904.8234223614,362318.2913766975,-189413.46795433608,bullish_pressure (net outflow from exchanges)
2025-05-19,687341.2544226891,476436.7080152899,210904.54640739918,bearish_pressure (net inflow to exchanges)
2025-05-20,127099.65629848403,192243.5825854576,-65143.92628697357,bullish_pressure (net outflow from exchanges)
2025-05-21,417779.58448997367,400961.8773982929,16817.707091680786,bearish_pressure (net inflow to exchanges)
2025-05-22,262691.5414927914,434287.7214731751,-171596.17998038372,bullish_pressure (net outflow from exchanges)
2025-05-23,315107.42067120236,608037.7370460033,-292930.316374801,bullish_pressure (net outflow from exchanges)
2025-05-24,429549.01744583953,62251.645397370696,367297.37204846885,bearish_pressure (net inflow to exchanges)
2025-05-25,104819.10394051626,309437.92283072916,-204618.81889021292,bullish_pressure (net outflow from exchanges)
2025-05-26,95582.1861500357,85003.83919107809,10578.346958957613,bearish_pressure (net inflow to exchanges)
2025-05-27,324665.70740498416,400281.6036674457,-75615.89626246155,bullish_pressure (net outflow from exchanges)
2025-05-28,174551.69862618268,79531.54703795775,95020.15158822494,bearish_pressure (net inflow to exchanges)
2025-05-29,160028.98554278206,57606.70461645507,102422.28092632699,bearish_pressure (net inflow to exchanges)
2025-05-30,275455.5765610446,196644.28213331447,78811.29442773014,bearish_pressure (net inflow to exchanges)
2025-05-31,292257.2361125462,259627.37494815415,32629.86116439203,bearish_pressure (net inflow to exchanges)
2025-06-01,209152.05745244693,84681.06159166424,124470.99586078268,bearish_pressure (net inflow to exchanges)
2025-06-02,109685.36639235537,94868.32499730478,14817.04139505059,bearish_pressure (net inflow to exchanges)
2025-06-03,238039.7715607563,115727.48798115115,122312.28357960514,bearish_pressure (net inflow to exchanges)
2025-06-04,276230.26818208373,208465.21987691073,67765.048305173,bearish_pressure (net inflow to exchanges)
2025-06-05,273498.65767626854,161968.34882618155,111530.30885008699,bearish_pressure (net inflow to exchanges)
2025-06-06,399898.5314153649,281955.7077086285,117942.82370673638,bearish_pressure (net inflow to exchanges)
2025-06-07,105728.92489317257,191725.7733163748,-85996.84842320223,bullish_pressure (net outflow from exchanges)
2025-06-08,83664.99832191513,123153.24455784915,-39488.24623593401,bullish_pressure (net outflow from exchanges)
2025-06-09,180064.31716486183,349847.31872847397,-169783.00156361214,bullish_pressure (net outflow from exchanges)
2025-06-10,258425.34075256088,392018.1766675585,-133592.83591499762,bullish_pressure (net outflow from exchanges)
2025-06-11,139078.67878842683,130283.93993032438,8794.738858102442,bearish_pressure (net inflow to exchanges)
2025-06-12,447295.1096509837,174019.89989799357,273275.20975299017,bearish_pressure (net inflow to exchanges)
2025-06-13,312651.9506698601,187818.5703778556,124833.38029200453,bearish_pressure (net inflow to exchanges)
2025-06-14,170150.7937809477,196301.02749330032,-26150.233712352638,bullish_pressure (net outflow from exchanges)
2025-06-15,303026.5753809948,207014.26592594926,96012.30945504556,bearish_pressure (net inflow to exchanges)
2025-06-16,251392.3344809319,325996.82097923383,-74604.48649830194,bullish_pressure (net outflow from exchanges)
2025-06-17,564929.0813263519,411330.6055376813,153598.47578867053,bearish_pressure (net inflow to exchanges)
2025-06-18,690760.2902219653,485028.69071856607,205731.59950339922,bearish_pressure (net inflow to exchanges)
2025-06-19,350644.58495618124,496999.01660368254,-146354.4316475013,bullish_pressure (net outflow from exchanges)
2025-06-20,495294.24948541,368451.8244910798,126842.42499433021,bearish_pressure (net inflow to exchanges)
2025-06-21,422291.5925128595,322474.59640924673,99816.99610361276,bearish_pressure (net inflow to exchanges)
2025-06-22,473247.72433517076,516431.26578460576,-43183.541449435,bullish_pressure (net outflow from exchanges)
2025-06-23,696615.6563885316,864094.3146679639,-167478.65827943233,bullish_pressure (net outflow from exchanges)
2025-06-24,184113.8493485016,463232.48594748694,-279118.63659898535,bullish_pressure (net outflow from exchanges)
2025-06-25,176328.49293690623,223211.18606964606,-46882.693132739834,bullish_pressure (net outflow from exchanges)
2025-06-26,146807.0203174907,147117.28335579918,-310.2630383084761,bullish_pressure (net outflow from exchanges)
2025-06-27,177078.22216506742,142670.6115705873,34407.610594480124,bearish_pressure (net inflow to exchanges)
2025-06-28,92199.94984222543,200689.81534738225,-108489.86550515682,bullish_pressure (net outflow from exchanges)
2025-06-29,95742.97073554787,112667.8868988568,-16924.916163308924,bullish_pressure (net outflow from exchanges)
2025-06-30,91626.44058535855,144109.50202356806,-52483.06143820951,bullish_pressure (net outflow from exchanges)
2025-07-01,242292.44454771417,134615.24292447622,107677.20162323795,bearish_pressure (net inflow to exchanges)
2025-07-02,98627.83891433275,104206.49127838838,-5578.652364055626,bullish_pressure (net outflow from exchanges)
2025-07-03,222743.87368393622,136872.25979730597,85871.61388663025,bearish_pressure (net inflow to exchanges)
2025-07-04,78483.51398166077,135037.80778979932,-56554.29380813855,bullish_pressure (net outflow from exchanges)
2025-07-05,132351.482261019,200646.37130267473,-68294.88904165573,bullish_pressure (net outflow from exchanges)
2025-07-06,161114.10206187415,140978.38547631173,20135.71658556242,bearish_pressure (net inflow to exchanges)
2025-07-07,417382.8555295384,373358.35852802935,44024.497001509066,bearish_pressure (net inflow to exchanges)
2025-07-08,104913.80045054985,253400.64804879972,-148486.84759824985,bullish_pressure (net outflow from exchanges)
2025-07-09,173446.3242050592,153346.780574752,20099.54363030722,bearish_pressure (net inflow to exchanges)
2025-07-10,490254.4064185838,200030.0122984236,290224.39412016026,bearish_pressure (net inflow to exchanges)
2025-07-11,472142.29575979355,1049744.6330729343,-577602.3373131407,bullish_pressure (net outflow from exchanges)
2025-07-12,266110.56972858444,336957.0055540041,-70846.43582541967,bullish_pressure (net outflow from exchanges)
2025-07-13,423188.6016428333,432793.29649403784,-9604.69485120452,bullish_pressure (net outflow from exchanges)
2025-07-14,282914.48918771854,315140.64564105554,-32226.156453336996,bullish_pressure (net outflow from exchanges)
2025-07-15,183552.92948520347,163360.34522522398,20192.584259979485,bearish_pressure (net inflow to exchanges)
2025-07-16,357664.95105127385,869342.0555636747,-511677.1045124008,bullish_pressure (net outflow from exchanges)
2025-07-17,663718.8328817424,845406.1280173229,-181687.29513558047,bullish_pressure (net outflow from exchanges)
2025-07-18,1102309.9624877041,907621.2285853908,194688.73390231328,bearish_pressure (net inflow to exchanges)
2025-07-19,281861.160189498,726224.2282664925,-444363.0680769945,bullish_pressure (net outflow from exchanges)
2025-07-20,577451.224326859,485445.16003969667,92006.06428716233,bearish_pressure (net inflow to exchanges)
2025-07-21,651963.3596429506,639357.9117182991,12605.447924651438,bearish_pressure (net inflow to exchanges)
2025-07-22,310129.0088392701,272965.6072093172,37163.40162995289,bearish_pressure (net inflow to exchanges)
2025-07-23,278102.515040367,275003.86763565196,3098.6474047150696,bearish_pressure (net inflow to exchanges)
2025-07-24,877116.5309139562,761528.5350692908,115587.99584466545,bearish_pressure (net inflow to exchanges)
2025-07-25,205582.10108563764,154899.97441274207,50682.12667289557,bearish_pressure (net inflow to exchanges)
2025-07-26,182310.781033867,240868.74542138862,-58557.96438752161,bullish_pressure (net outflow from exchanges)
2025-07-27,137442.38591841352,181897.42204500205,-44455.03612658853,bullish_pressure (net outflow from exchanges)
2025-07-28,737464.1922618774,352944.0139368924,384520.17832498497,bearish_pressure (net inflow to exchanges)
2025-07-29,297641.3968856905,146236.58873095352,151404.808154737,bearish_pressure (net inflow to exchanges)
2025-07-30,215521.02618087007,151747.29073979962,63773.73544107046,bearish_pressure (net inflow to exchanges)
2025-07-31,212313.96881576383,345384.28317311715,-133070.31435735332,bullish_pressure (net outflow from exchanges)
2025-08-01,248963.14060730417,332786.67362695717,-83823.533019653,bullish_pressure (net outflow from exchanges)
2025-08-02,418901.6883561461,353799.35675507423,65102.33160107187,bearish_pressure (net inflow to exchanges)
2025-08-03,120348.3131496277,275378.90051191737,-155030.58736228966,bullish_pressure (net outflow from exchanges)
2025-08-04,165617.25451265142,193080.36539110943,-27463.110878458014,bullish_pressure (net outflow from exchanges)
2025-08-05,115562.77412882584,97128.03798261599,18434.73614620985,bearish_pressure (net inflow to exchanges)
2025-08-06,184921.71343595654,57262.24654906453,127659.46688689201,bearish_pressure (net inflow to exchanges)
2025-08-07,267952.55244752317,146929.4658197144,121023.08662780878,bearish_pressure (net inflow to exchanges)
2025-08-08,135070.45907403843,121422.62427679001,13647.834797248419,bearish_pressure (net inflow to exchanges)
2025-08-09,134255.3724055328,289218.1000976912,-154962.72769215837,bullish_pressure (net outflow from exchanges)
2025-08-10,298301.2838657523,228603.03927341715,69698.24459233513,bearish_pressure (net inflow to exchanges)
2025-08-11,221370.9677497479,203715.50164587094,17655.46610387697,bearish_pressure (net inflow to exchanges)
2025-08-12,357996.9615198956,364878.611643487,-6881.650123591418,bullish_pressure (net outflow from exchanges)
2025-08-13,416281.8821578702,729806.2698233826,-313524.3876655124,bullish_pressure (net outflow from exchanges)
2025-08-14,693706.1588607151,566109.4249531276,127596.73390758748,bearish_pressure (net inflow to exchanges)
2025-08-15,248003.45020404202,190796.17734140324,57207.27286263878,bearish_pressure (net inflow to exchanges)
2025-08-16,100955.77563961511,224012.9106512946,-123057.1350116795,bullish_pressure (net outflow from exchanges)
2025-08-17,120818.5649550788,145307.6345642967,-24489.0696092179,bullish_pressure (net outflow from exchanges)
2025-08-18,1710420.4474246155,1048733.4474826758,661686.9999419397,bearish_pressure (net inflow to exchanges)
2025-08-19,727811.5841920777,667582.0692919905,60229.51490008726,bearish_pressure (net inflow to exchanges)
2025-08-20,108288.8850393371,342311.57668973366,-234022.69165039656,bullish_pressure (net outflow from exchanges)
2025-08-21,162529.36186643448,211752.50372046465,-49223.14185403017,bullish_pressure (net outflow from exchanges)
2025-08-22,555422.0223489277,418631.3070454835,136790.7153034442,bearish_pressure (net inflow to exchanges)
2025-08-23,147678.6068169978,262609.3778742884,-114930.7710572906,bullish_pressure (net outflow from exchanges)
2025-08-24,133251.19212372066,148358.77695421784,-15107.584830497188,bullish_pressure (net outflow from exchanges)
2025-08-25,178339.9596284358,169522.1096871474,8817.849941288412,bearish_pressure (net inflow to exchanges)
2025-08-26,189362.44748614344,196062.50949461616,-6700.0620084727125,bullish_pressure (net outflow from exchanges)
2025-08-27,113499.56037733945,152073.6831310655,-38574.12275372606,bullish_pressure (net outflow from exchanges)
2025-08-28,173336.783655514,161292.1135879989,12044.670067515108,bearish_pressure (net inflow to exchanges)
2025-08-29,312486.26971452957,207313.96043516902,105172.30927936055,bearish_pressure (net inflow to exchanges)
2025-08-30,165014.93608457057,96671.93985768322,68342.99622688735,bearish_pressure (net inflow to exchanges)
2025-08-31,53658.76923595379,45042.21930395355,8616.549932000242,bearish_pressure (net inflow to exchanges)
2025-09-01,219526.59616906082,150716.97221612083,68809.62395293999,bearish_pressure (net inflow to exchanges)
2025-09-02,256564.0712676843,191912.455355371,64651.61591231331,bearish_pressure (net inflow to exchanges)
2025-09-03,547594.8669268002,419586.73720565706,128008.12972114317,bearish_pressure (net inflow to exchanges)
2025-09-04,184619.83982760226,166755.96590118977,17863.87392641249,bearish_pressure (net inflow to exchanges)
2025-09-05,140161.62293416422,146886.2641137406,-6724.641179576371,bullish_pressure (net outflow from exchanges)
2025-09-06,148302.98390286975,82198.78325660987,66104.20064625988,bearish_pressure (net inflow to exchanges)
2025-09-07,114227.99581360287,111868.78745781437,2359.2083557885053,bearish_pressure (net inflow to exchanges)
2025-09-08,248809.02582433986,215422.41457919573,33386.61124514413,bearish_pressure (net inflow to exchanges)
2025-09-09,170278.02773616178,120867.69536860868,49410.3323675531,bearish_pressure (net inflow to exchanges)
2025-09-10,264086.27513336885,204772.68076868902,59313.594364679826,bearish_pressure (net inflow to exchanges)
2025-09-11,185188.4891453984,210994.98542019603,-25806.496274797624,bullish_pressure (net outflow from exchanges)
2025-09-12,112406.78830257336,150997.66361472645,-38590.87531215309,bullish_pressure (net outflow from exchanges)
2025-09-13,124529.4721587781,116833.95826429444,7695.513894483651,bearish_pressure (net inflow to exchanges)
2025-09-14,338121.8716073191,366781.3847634854,-28659.5131561663,bullish_pressure (net outflow from exchanges)
2025-09-15,177512.1450295831,204440.03114139638,-26927.886111813277,bullish_pressure (net outflow from exchanges)
2025-09-16,210177.26742270993,268673.3896439837,-58496.12222127375,bullish_pressure (net outflow from exchanges)
2025-09-17,824498.709865852,431502.01326860976,392996.69659724226,bearish_pressure (net inflow to exchanges)
2025-09-18,169464.84664646123,150915.34817737434,18549.498469086888,bearish_pressure (net inflow to exchanges)
2025-09-19,472144.99577562057,368859.5184340072,103285.47734161338,bearish_pressure (net inflow to exchanges)
2025-09-20,584098.6402714856,406409.8513590724,177688.78891241318,bearish_pressure (net inflow to exchanges)
2025-09-21,232338.6113042075,155260.59502424893,77078.01627995857,bearish_pressure (net inflow to exchanges)
2025-09-22,285136.4511227388,258713.9817731667,26422.469349572115,bearish_pressure (net inflow to exchanges)
2025-09-23,317425.10234216024,228540.12652905748,88884.97581310276,bearish_pressure (net inflow to exchanges)
2025-09-24,255885.76582293562,208168.01402287168,47717.75180006394,bearish_pressure (net inflow to exchanges)
2025-09-25,640932.381885859,567026.9963797304,73905.38550612854,bearish_pressure (net inflow to exchanges)
2025-09-26,144040.82766295868,175696.65999085826,-31655.83232789958,bullish_pressure (net outflow from exchanges)
2025-09-27,583790.1907634534,358018.8901103969,225771.30065305647,bearish_pressure (net inflow to exchanges)
2025-09-28,311128.3652649327,493607.3047534786,-182478.93948854593,bullish_pressure (net outflow from exchanges)
2025-09-29,350400.473254651,381914.8029885815,-31514.32973393047,bullish_pressure (net outflow from exchanges)
2025-09-30,243711.22247660445,195020.16847283783,48691.05400376662,bearish_pressure (net inflow to exchanges)
2025-10-01,1285731.8673686408,1553929.2773508464,-268197.4099822056,bullish_pressure (net outflow from exchanges)
2025-10-02,3981295.839474098,1725978.91546197,2255316.924012128,bearish_pressure (net inflow to exchanges)
2025-10-03,314379.2721116489,343804.6341823001,-29425.3620706512,bullish_pressure (net outflow from exchanges)
2025-10-04,399620.7540618214,2140345.3908724124,-1740724.636810591,bullish_pressure (net outflow from exchanges)
2025-10-05,428361.70126021013,427694.5285952365,667.172664973652,bearish_pressure (net inflow to exchanges)
2025-10-06,453329.78406596417,261183.02546890877,192146.7585970554,bearish_pressure (net inflow to exchanges)
2025-10-07,374216.1714035011,258448.42087646204,115767.75052703908,bearish_pressure (net inflow to exchanges)
2025-10-08,236083.07919468195,294563.54297307023,-58480.46377838828,bullish_pressure (net outflow from exchanges)
2025-10-09,380762.47062828013,827204.0756335375,-446441.60500525736,bullish_pressure (net outflow from exchanges)
2025-10-10,2363781.85425759,2091914.2057434875,271867.6485141027,bearish_pressure (net inflow to exchanges)
2025-10-11,712437.2932433677,1065479.891052967,-353042.59780959925,bullish_pressure (net outflow from exchanges)
2025-10-12,754111.8157685355,847466.50911228,-93354.6933437445,bullish_pressure (net outflow from exchanges)
2025-10-13,564266.1712345951,543534.9929816676,20731.178252927493,bearish_pressure (net inflow to exchanges)
2025-10-14,580965.908481484,522978.663471311,57987.245010173065,bearish_pressure (net inflow to exchanges)
2025-10-15,313203.0247460051,147365.7150226288,165837.30972337627,bearish_pressure (net inflow to exchanges)
2025-10-16,435046.518486856,294659.5509775728,140386.96750928322,bearish_pressure (net inflow to exchanges)
2025-10-17,863629.600415255,777115.8413236749,86513.75909158005,bearish_pressure (net inflow to exchanges)
2025-10-18,110770.15317745089,135722.32926330317,-24952.176085852276,bullish_pressure (net outflow from exchanges)
2025-10-19,257115.85565065942,159203.68107205603,97912.17457860339,bearish_pressure (net inflow to exchanges)
2025-10-20,176878.9971592902,216226.1494917878,-39347.152332497615,bullish_pressure (net outflow from exchanges)
2025-10-21,334006.9624271453,214001.5753393133,120005.38708783197,bearish_pressure (net inflow to exchanges)
2025-10-22,401638.13227913954,309676.67935399973,91961.4529251398,bearish_pressure (net inflow to exchanges)
2025-10-23,164415.1024645129,228847.9037998665,-64432.80133535361,bullish_pressure (net outflow from exchanges)
2025-10-24,219157.15184545287,273017.5408154238,-53860.388969970954,bullish_pressure (net outflow from exchanges)
2025-10-25,96709.61856039857,91926.77141011735,4782.847150281217,bearish_pressure (net inflow to exchanges)
2025-10-26,703222.3054182084,591053.042544762,112169.26287344634,bearish_pressure (net inflow to exchanges)
2025-10-27,488453.13233829354,780264.0381696983,-291810.9058314048,bullish_pressure (net outflow from exchanges)
2025-10-28,1401867.0605595475,1861165.3841468776,-459298.32358733006,bullish_pressure (net outflow from exchanges)
2025-10-29,735690.8977965016,781746.2869452537,-46055.38914875209,bullish_pressure (net outflow from exchanges)
2025-10-30,511170.9119001964,481512.8655099275,29658.046390268893,bearish_pressure (net inflow to exchanges)
2025-10-31,332832.7010169227,579118.3473103107,-246285.64629338798,bullish_pressure (net outflow from exchanges)
2025-11-01,1270149.0024620933,1929741.919294707,-659592.9168326138,bullish_pressure (net outflow from exchanges)
2025-11-02,705516.1089063063,877790.5225713789,-172274.41366507253,bullish_pressure (net outflow from exchanges)
2025-11-03,813229.3193939219,805714.0582891558,7515.261104766047,bearish_pressure (net inflow to exchanges)
2025-11-04,1153445.807983851,1543430.089093525,-389984.2811096739,bullish_pressure (net outflow from exchanges)
2025-11-05,927355.6940478156,619828.8013264018,307526.89272141387,bearish_pressure (net inflow to exchanges)
2025-11-06,514702.2835371997,368082.60007342394,146619.6834637758,bearish_pressure (net inflow to exchanges)
2025-11-07,595152.3360631337,648039.162385231,-52886.82632209733,bullish_pressure (net outflow from exchanges)
2025-11-08,314466.42726266535,210990.33678014515,103476.0904825202,bearish_pressure (net inflow to exchanges)
2025-11-09,313520.06579749164,286013.2563693329,27506.80942815874,bearish_pressure (net inflow to exchanges)
2025-11-10,401428.55562619516,554332.787706271,-152904.2320800759,bullish_pressure (net outflow from exchanges)
2025-11-11,237614.07724481547,204280.11599382714,33333.96125098833,bearish_pressure (net inflow to exchanges)
2025-11-12,435307.8843859293,329855.0431598004,105452.84122612892,bearish_pressure (net inflow to exchanges)
2025-11-13,281831.0929150007,287855.14722532313,-6024.054310322448,bullish_pressure (net outflow from exchanges)
2025-11-14,425139.2819440968,252504.66985018266,172634.61209391413,bearish_pressure (net inflow to exchanges)
2025-11-15,169841.0295332924,121230.5135567321,48610.5159765603,bearish_pressure (net inflow to exchanges)
2025-11-16,486945.79217916715,1214742.5748217602,-727796.782642593,bullish_pressure (net outflow from exchanges)
2025-11-17,521116.08583257557,577393.6722454351,-56277.5864128595,bullish_pressure (net outflow from exchanges)
2025-11-18,563325.5503767466,565984.356593119,-2658.80621637241,bullish_pressure (net outflow from exchanges)
2025-11-19,318648.8109327463,222922.8248455532,95725.98608719307,bearish_pressure (net inflow to exchanges)
2025-11-20,599659.6923107412,438254.23028303566,161405.4620277055,bearish_pressure (net inflow to exchanges)
2025-11-21,559563.0108187941,319847.07689268794,239715.9339261062,bearish_pressure (net inflow to exchanges)
2025-11-22,265416.0330547262,247681.16819443915,17734.864860287053,bearish_pressure (net inflow to exchanges)
2025-11-23,151600.64303043485,188709.31457435995,-37108.6715439251,bullish_pressure (net outflow from exchanges)
2025-11-24,669860.5127543776,305646.66132419836,364213.8514301792,bearish_pressure (net inflow to exchanges)
2025-11-25,175037.39257643634,246769.98931830027,-71732.59674186393,bullish_pressure (net outflow from exchanges)
2025-11-26,507907.7903020158,1477600.69719051,-969692.9068884943,bullish_pressure (net outflow from exchanges)
2025-11-27,877436.5252842208,398985.6497386071,478450.8755456137,bearish_pressure (net inflow to exchanges)
2025-11-28,763474.275938408,428580.6195725693,334893.65636583866,bearish_pressure (net inflow to exchanges)
2025-11-29,148909.3627916835,176689.46158157932,-27780.098789895826,bullish_pressure (net outflow from exchanges)
2025-11-30,185020.99389290318,149743.87378813224,35277.12010477093,bearish_pressure (net inflow to exchanges)
2025-12-01,467423.0710014153,316745.072388695,150677.9986127203,bearish_pressure (net inflow to exchanges)
2025-12-02,224670.81259834077,226953.78667494262,-2282.9740766018513,bullish_pressure (net outflow from exchanges)
2025-12-03,300561.37873984117,317909.1927793673,-17347.814039526158,bullish_pressure (net outflow from exchanges)
2025-12-04,244106.61667791475,136981.25371557698,107125.36296233776,bearish_pressure (net inflow to exchanges)
2025-12-05,365792.94562273176,304483.9317054078,61309.01391732396,bearish_pressure (net inflow to exchanges)
2025-12-06,814915.3593035324,589828.0359508502,225087.32335268217,bearish_pressure (net inflow to exchanges)
2025-12-07,163483.95284502403,158924.43058514543,4559.522259878606,bearish_pressure (net inflow to exchanges)
2025-12-08,209508.1601595471,267244.1035856145,-57735.94342606739,bullish_pressure (net outflow from exchanges)
2025-12-09,318160.2610710214,305805.7878977575,12354.47317326389,bearish_pressure (net inflow to exchanges)
2025-12-10,772326.8437304352,297200.13403524685,475126.7096951884,bearish_pressure (net inflow to exchanges)
2025-12-11,90385.36967811624,83861.77073153535,6523.598946580896,bearish_pressure (net inflow to exchanges)
2025-12-12,1320882.7454438012,682527.3451192966,638355.4003245046,bearish_pressure (net inflow to exchanges)
2025-12-13,185763.30536763242,175259.92143163132,10503.383936001104,bearish_pressure (net inflow to exchanges)
2025-12-14,370427.4039455715,422347.1002382423,-51919.69629267079,bullish_pressure (net outflow from exchanges)
2025-12-15,683560.9994879095,411596.61612616054,271964.38336174894,bearish_pressure (net inflow to exchanges)
2025-12-16,325948.86340993276,447851.93790648365,-121903.0744965509,bullish_pressure (net outflow from exchanges)
2025-12-17,436832.6793402175,369057.74956108874,67774.92977912875,bearish_pressure (net inflow to exchanges)
2025-12-18,675956.5202991329,1044880.5796339795,-368924.05933484656,bullish_pressure (net outflow from exchanges)
2025-12-19,310452.2050987523,365408.0495411064,-54955.84444235411,bullish_pressure (net outflow from exchanges)
2025-12-20,383178.18422487064,304988.9482142901,78189.23601058056,bearish_pressure (net inflow to exchanges)
2025-12-21,214442.53842050186,59341.68828673863,155100.85013376322,bearish_pressure (net inflow to exchanges)
2025-12-22,1153575.0305646672,486518.22398023575,667056.8065844314,bearish_pressure (net inflow to exchanges)
2025-12-23,1119783.416284048,281701.6099417703,838081.8063422777,bearish_pressure (net inflow to exchanges)
2025-12-24,635343.8951050913,86470.3274663255,548873.5676387658,bearish_pressure (net inflow to exchanges)
2025-12-25,850098.3983581584,213245.28040324437,636853.117954914,bearish_pressure (net inflow to exchanges)
2025-12-26,896928.0352467925,454993.43065283686,441934.6045939556,bearish_pressure (net inflow to exchanges)
2025-12-27,1101456.6960842288,595823.154587057,505633.54149717186,bearish_pressure (net inflow to exchanges)
2025-12-28,606279.6400926464,241004.3169673971,365275.32312524924,bearish_pressure (net inflow to exchanges)
2025-12-29,850708.4784450453,223364.7106133671,627343.7678316783,bearish_pressure (net inflow to exchanges)
2025-12-30,1849142.8288593772,1127343.5739105106,721799.2549488666,bearish_pressure (net inflow to exchanges)
2025-12-31,865366.5827575168,249673.0909490672,615693.4918084496,bearish_pressure (net inflow to exchanges)
2026-01-01,197657.82626875458,108530.78192165152,89127.04434710306,bearish_pressure (net inflow to exchanges)
2026-01-02,429767.5224560087,313851.80877403653,115915.71368197218,bearish_pressure (net inflow to exchanges)
2026-01-03,482156.49772917695,315996.63424442435,166159.8634847526,bearish_pressure (net inflow to exchanges)
2026-01-04,363362.30431032064,229448.9739541259,133913.33035619475,bearish_pressure (net inflow to exchanges)
2026-01-05,885614.2105682887,500157.46411036915,385456.74645791954,bearish_pressure (net inflow to exchanges)
2026-01-06,812756.679052269,476051.5995672914,336705.0794849776,bearish_pressure (net inflow to exchanges)
2026-01-07,306719.7499870126,174577.60705115745,132142.14293585514,bearish_pressure (net inflow to exchanges)
2026-01-08,264158.718665306,221860.28833902816,42298.43032627783,bearish_pressure (net inflow to exchanges)
2026-01-09,217287.26024911847,127210.38841967951,90076.87182943895,bearish_pressure (net inflow to exchanges)
2026-01-10,244181.46664722526,150264.98091039018,93916.48573683508,bearish_pressure (net inflow to exchanges)
2026-01-11,167277.4087479462,154929.72771669814,12347.681031248067,bearish_pressure (net inflow to exchanges)
2026-01-12,496045.35805703286,179736.28126557675,316309.0767914561,bearish_pressure (net inflow to exchanges)
2026-01-13,576345.3296799957,716237.4520907287,-139892.12241073302,bullish_pressure (net outflow from exchanges)
2026-01-14,450263.6309557817,277549.45624689775,172714.17470888392,bearish_pressure (net inflow to exchanges)
2026-01-15,884304.794386758,678656.8209047967,205647.9734819613,bearish_pressure (net inflow to exchanges)
2026-01-16,257161.9290269193,197641.95723826374,59519.97178865556,bearish_pressure (net inflow to exchanges)
2026-01-17,363356.23548432835,259410.55926856725,103945.67621576111,bearish_pressure (net inflow to exchanges)
2026-01-18,168577.89177113093,276459.19538218406,-107881.30361105312,bullish_pressure (net outflow from exchanges)
2026-01-19,294835.29156081483,167813.43645593044,127021.8551048844,bearish_pressure (net inflow to exchanges)
2026-01-20,293056.2903676606,193768.0480083037,99288.24235935687,bearish_pressure (net inflow to exchanges)
2026-01-21,284250.46664748545,313803.8703601239,-29553.40371263848,bullish_pressure (net outflow from exchanges)
2026-01-22,778449.9665191764,761134.8064600221,17315.160059154266,bearish_pressure (net inflow to exchanges)
2026-01-23,592753.8741716774,703441.548401972,-110687.67423029465,bullish_pressure (net outflow from exchanges)
2026-01-24,358108.89888580824,245824.86154153713,112284.03734427111,bearish_pressure (net inflow to exchanges)
2026-01-25,421764.9368398921,340059.97019107663,81704.96664881549,bearish_pressure (net inflow to exchanges)
2026-01-26,422246.3089489972,300323.0963989453,121923.21255005186,bearish_pressure (net inflow to exchanges)
2026-01-27,458777.31422523933,734283.268102678,-275505.9538774387,bullish_pressure (net outflow from exchanges)
2026-01-28,487335.916721782,582467.9927626415,-95132.07604085951,bullish_pressure (net outflow from exchanges)
2026-01-29,336160.4922390083,196422.748696625,139737.7435423833,bearish_pressure (net inflow to exchanges)
2026-01-30,1009377.6901601,801679.6530176658,207698.03714243416,bearish_pressure (net inflow to exchanges)
2026-01-31,737052.3715431804,603136.7461773448,133915.6253658356,bearish_pressure (net inflow to exchanges)
2026-02-01,512915.13984004024,348026.7833582149,164888.35648182535,bearish_pressure (net inflow to exchanges)
2026-02-02,572024.133150216,651670.2164712222,-79646.08332100627,bullish_pressure (net outflow from exchanges)
2026-02-03,538157.1624471064,400632.8525027131,137524.30994439335,bearish_pressure (net inflow to exchanges)
2026-02-04,457535.68473456125,263177.3995904801,194358.28514408116,bearish_pressure (net inflow to exchanges)
2026-02-05,950417.4922548034,724426.3061535151,225991.1861012883,bearish_pressure (net inflow to exchanges)
2026-02-06,727277.2556596887,747615.5202185048,-20338.264558816096,bullish_pressure (net outflow from exchanges)
2026-02-07,354375.7183338146,400979.30744938424,-46603.58911556966,bullish_pressure (net outflow from exchanges)
2026-02-08,157685.0822665231,174126.85885510992,-16441.77658858683,bullish_pressure (net outflow from exchanges)
2026-02-09,563919.3803826146,363749.7946584619,200169.58572415268,bearish_pressure (net inflow to exchanges)
2026-02-10,692032.0515440118,989005.6897666833,-296973.63822267146,bullish_pressure (net outflow from exchanges)
2026-02-11,384696.32353829517,381463.6251037753,3232.6984345198725,bearish_pressure (net inflow to exchanges)
2026-02-12,199504.22186516694,158947.76833889735,40556.453526269586,bearish_pressure (net inflow to exchanges)
2026-02-13,367086.0828301845,361943.46414100064,5142.618689183844,bearish_pressure (net inflow to exchanges)
2026-02-14,308035.37900740746,345392.5854366674,-37357.20642925991,bullish_pressure (net outflow from exchanges)
2026-02-15,330456.15083940653,402637.9385433503,-72181.78770394379,bullish_pressure (net outflow from exchanges)
2026-02-16,217312.57217865137,190994.02345548733,26318.548723164044,bearish_pressure (net inflow to exchanges)
2026-02-17,504734.8020706824,419830.08787462173,84904.71419606067,bearish_pressure (net inflow to exchanges)
2026-02-18,270260.89049996925,359877.57006488775,-89616.67956491851,bullish_pressure (net outflow from exchanges)
2026-02-19,164982.36266362653,147171.10597421802,17811.256689408503,bearish_pressure (net inflow to exchanges)
2026-02-20,256449.37297113432,195397.5362839866,61051.836687147705,bearish_pressure (net inflow to exchanges)
2026-02-21,263544.029975181,162701.05169657065,100842.97827861033,bearish_pressure (net inflow to exchanges)
2026-02-22,170991.57115731895,117205.33552945522,53786.23562786373,bearish_pressure (net inflow to exchanges)
2026-02-23,778196.9836565759,669140.2403371902,109056.74331938569,bearish_pressure (net inflow to exchanges)
2026-02-24,129278.01757787024,189609.860719678,-60331.84314180775,bullish_pressure (net outflow from exchanges)
2026-02-25,436305.3758474442,581819.0314886714,-145513.65564122726,bullish_pressure (net outflow from exchanges)
2026-02-26,253387.1212673928,177042.4657033374,76344.6555640554,bearish_pressure (net inflow to exchanges)
2026-02-27,145498.01394216777,122670.5657781834,22827.448163984373,bearish_pressure (net inflow to exchanges)
2026-02-28,388989.5004654245,204551.89824343848,184437.60222198602,bearish_pressure (net inflow to exchanges)
2026-03-01,408806.593432463,288430.4537033627,120376.13972910028,bearish_pressure (net inflow to exchanges)
2026-03-02,216144.91527569667,250768.59158116885,-34623.67630547218,bullish_pressure (net outflow from exchanges)
2026-03-03,392365.1565080243,329140.93586371065,63224.22064431367,bearish_pressure (net inflow to exchanges)
2026-03-04,522868.66110077134,469492.40825375746,53376.25284701388,bearish_pressure (net inflow to exchanges)
2026-03-05,238415.5006992871,211950.09256843507,26465.40813085204,bearish_pressure (net inflow to exchanges)
2026-03-06,145203.56341752692,96202.37963612074,49001.18378140619,bearish_pressure (net inflow to exchanges)
2026-03-07,161681.5044036779,102268.35049100833,59413.153912669586,bearish_pressure (net inflow to exchanges)
2026-03-08,159217.11361518054,156015.84450608247,3201.269109098066,bearish_pressure (net inflow to exchanges)
2026-03-09,199239.13457353017,96352.39133282032,102886.74324070985,bearish_pressure (net inflow to exchanges)
2026-03-10,159853.064204108,152698.97111696747,7154.093087140529,bearish_pressure (net inflow to exchanges)
2026-03-11,195852.64603340733,132805.71033243966,63046.935700967675,bearish_pressure (net inflow to exchanges)
2026-03-12,249702.3077367843,320791.1620305543,-71088.85429377001,bullish_pressure (net outflow from exchanges)
2026-03-13,207930.65424528075,276311.8636273079,-68381.20938202713,bullish_pressure (net outflow from exchanges)
2026-03-14,99848.51980563405,77856.50781321972,21992.011992414322,bearish_pressure (net inflow to exchanges)
2026-03-15,244052.7723932551,313149.82752520015,-69097.05513194506,bullish_pressure (net outflow from exchanges)
2026-03-16,238196.7099104897,253158.51777988358,-14961.807869393873,bullish_pressure (net outflow from exchanges)
2026-03-17,176020.59306913934,149088.90275152877,26931.69031761057,bearish_pressure (net inflow to exchanges)
2026-03-18,579627.1197572185,422532.6044491456,157094.5153080729,bearish_pressure (net inflow to exchanges)
2026-03-19,316792.9141843884,218807.31219987877,97985.60198450965,bearish_pressure (net inflow to exchanges)
2026-03-20,324954.02154565026,273012.6677340712,51941.35381157906,bearish_pressure (net inflow to exchanges)
2026-03-21,167773.87760863648,120625.41318831974,47148.46442031674,bearish_pressure (net inflow to exchanges)
2026-03-22,239350.54956104007,241767.73278396382,-2417.183222923748,bullish_pressure (net outflow from exchanges)
2026-03-23,298369.85564382933,232155.71191208914,66214.14373174019,bearish_pressure (net inflow to exchanges)
2026-03-24,264645.05549132946,166321.87748705753,98323.17800427193,bearish_pressure (net inflow to exchanges)
2026-03-25,972111.0819232743,763018.4663112052,209092.61561206914,bearish_pressure (net inflow to exchanges)
2026-03-26,184705.73517212,142941.11967467496,41764.61549744505,bearish_pressure (net inflow to exchanges)
2026-03-27,445078.2143579041,270720.3293502847,174357.8850076194,bearish_pressure (net inflow to exchanges)
2026-03-28,315843.4084495147,177442.88583306392,138400.5226164508,bearish_pressure (net inflow to exchanges)
2026-03-29,392660.01544741995,273083.2348178783,119576.78062954167,bearish_pressure (net inflow to exchanges)
2026-03-30,507341.6069918064,573851.4560637814,-66509.84907197498,bullish_pressure (net outflow from exchanges)
2026-03-31,295412.67196989694,256309.58674555528,39103.08522434166,bearish_pressure (net inflow to exchanges)
2026-04-01,289326.4619185544,334033.0315985873,-44706.5696800329,bullish_pressure (net outflow from exchanges)
2026-04-02,187632.2534361806,66596.33436710287,121035.91906907772,bearish_pressure (net inflow to exchanges)
2026-04-03,182721.8428764614,121939.85059326462,60781.99228319677,bearish_pressure (net inflow to exchanges)
2026-04-04,343782.16257328395,205451.77643800285,138330.3861352811,bearish_pressure (net inflow to exchanges)
2026-04-05,156591.70157141707,179735.00661572503,-23143.305044307956,bullish_pressure (net outflow from exchanges)
2026-04-06,499227.06154764077,745656.0175572191,-246428.95600957837,bullish_pressure (net outflow from exchanges)
2026-04-07,293871.0488232516,254064.37072859294,39806.67809465868,bearish_pressure (net inflow to exchanges)
2026-04-08,297712.7058659562,386732.33855743275,-89019.63269147655,bullish_pressure (net outflow from exchanges)
2026-04-09,251467.9977485485,133155.305854718,118312.69189383052,bearish_pressure (net inflow to exchanges)
2026-04-10,188706.9433687748,158013.01498031552,30693.928388459288,bearish_pressure (net inflow to exchanges)
2026-04-11,535241.0291622137,424073.8455552694,111167.18360694428,bearish_pressure (net inflow to exchanges)
2026-04-12,715208.0584539503,129174.21087587636,586033.847578074,bearish_pressure (net inflow to exchanges)
2026-04-13,714044.366056775,529804.0920516666,184240.2740051084,bearish_pressure (net inflow to exchanges)
2026-04-14,286289.7575944902,287319.13409597566,-1029.3765014854725,bullish_pressure (net outflow from exchanges)
2026-04-15,273349.4679983878,208360.2416136392,64989.22638474862,bearish_pressure (net inflow to exchanges)
2026-04-16,179124.43332993053,241172.29901709195,-62047.86568716142,bullish_pressure (net outflow from exchanges)
2026-04-17,500942.6638200144,620300.3611431379,-119357.69732312352,bullish_pressure (net outflow from exchanges)
2026-04-18,621621.5712152657,341006.2576372256,280615.31357804005,bearish_pressure (net inflow to exchanges)
2026-04-19,288562.2728735877,357496.73940363026,-68934.46653004258,bullish_pressure (net outflow from exchanges)
2026-04-20,181090.88285474747,209231.17989354514,-28140.297038797667,bullish_pressure (net outflow from exchanges)
2026-04-21,213480.91660959335,212874.69181548996,606.2247941033856,bearish_pressure (net inflow to exchanges)
2026-04-22,289767.8092729474,316506.8367098402,-26739.02743689285,bullish_pressure (net outflow from exchanges)
2026-04-23,420671.90862342156,205933.11967837403,214738.78894504753,bearish_pressure (net inflow to exchanges)
2026-04-24,328149.58840583474,213796.8718828634,114352.71652297134,bearish_pressure (net inflow to exchanges)
2026-04-25,211752.26027943013,253361.29180848002,-41609.031529049884,bullish_pressure (net outflow from exchanges)
2026-04-26,253979.52258661838,331547.6991432779,-77568.17655665951,bullish_pressure (net outflow from exchanges)
2026-04-27,528060.9353716146,514671.1211147,13389.814256914658,bearish_pressure (net inflow to exchanges)
2026-04-28,109138.40573624744,222790.28852310113,-113651.88278685369,bullish_pressure (net outflow from exchanges)
2026-04-29,175930.55940294088,205866.19604206266,-29935.636639121774,bullish_pressure (net outflow from exchanges)
2026-04-30,248288.40670814033,374175.4322229023,-125887.02551476198,bullish_pressure (net outflow from exchanges)
2026-05-01,546166.5849549177,643851.6281722658,-97685.04321734817,bullish_pressure (net outflow from exchanges)
2026-05-02,202059.54744925175,199823.117751912,2236.429697339743,bearish_pressure (net inflow to exchanges)
2026-05-03,235964.3135987641,227182.32321134413,8781.990387419966,bearish_pressure (net inflow to exchanges)
2026-05-04,226612.4295632977,396528.8715850266,-169916.44202172893,bullish_pressure (net outflow from exchanges)
2026-05-05,237816.33841612254,370895.8619265398,-133079.52351041726,bullish_pressure (net outflow from exchanges)
2026-05-06,745944.0547607671,893453.6782441945,-147509.62348342733,bullish_pressure (net outflow from exchanges)
2026-05-07,441835.9193666041,318265.56730252405,123570.35206408007,bearish_pressure (net inflow to exchanges)
2026-05-08,333243.3942024688,614611.9598133687,-281368.56561089994,bullish_pressure (net outflow from exchanges)
2026-05-09,227420.86157245384,309111.7210750996,-81690.85950264576,bullish_pressure (net outflow from exchanges)
2026-05-10,302075.94270594924,242586.24802911305,59489.694676836196,bearish_pressure (net inflow to exchanges)
2026-05-11,937267.9461818179,771274.578353452,165993.36782836588,bearish_pressure (net inflow to exchanges)
2026-05-12,357419.63110770396,256541.30225908116,100878.3288486228,bearish_pressure (net inflow to exchanges)
2026-05-13,432198.56434032664,467220.76517318405,-35022.2008328574,bullish_pressure (net outflow from exchanges)
2026-05-14,160144.6010653957,259258.0928104173,-99113.4917450216,bullish_pressure (net outflow from exchanges)
2026-05-15,215077.87291683987,135405.9065379483,79671.96637889158,bearish_pressure (net inflow to exchanges)
2026-05-16,405017.1860345904,420804.5914171088,-15787.405382518366,bullish_pressure (net outflow from exchanges)
2026-05-17,308433.0960158059,255396.47937715723,53036.61663864867,bearish_pressure (net inflow to exchanges)
2026-05-18,426680.3858032691,289306.7242688263,137373.6615344428,bearish_pressure (net inflow to exchanges)
2026-05-19,56454.647800212704,79188.61393312072,-22733.96613290802,bullish_pressure (net outflow from exchanges)
2026-05-20,252360.77477578606,343444.5740999088,-91083.79932412275,bullish_pressure (net outflow from exchanges)
2026-05-21,440440.1729539148,409862.0237194874,30578.149234427372,bearish_pressure (net inflow to exchanges)
2026-05-22,189207.9408597429,184916.7774342571,4291.163425485807,bearish_pressure (net inflow to exchanges)
2026-05-23,150610.78252911265,109810.85463432614,40799.92789478651,bearish_pressure (net inflow to exchanges)
2026-05-24,391475.43678026786,423956.6163572315,-32481.179576963652,bullish_pressure (net outflow from exchanges)
2026-05-25,254315.8014314966,254635.416568527,-319.61513703039964,bullish_pressure (net outflow from exchanges)
2026-05-26,858991.6019431987,577765.7876696724,281225.8142735263,bearish_pressure (net inflow to exchanges)
2026-05-27,264363.2182749944,157572.56268737823,106790.65558761617,bearish_pressure (net inflow to exchanges)
2026-05-28,508420.5245663027,550766.7415618183,-42346.21699551557,bullish_pressure (net outflow from exchanges)
2026-05-29,81188.71459262607,97279.56170960207,-16090.847116976001,bullish_pressure (net outflow from exchanges)
2026-05-30,312666.02036965016,158733.60261624097,153932.4177534092,bearish_pressure (net inflow to exchanges)
2026-05-31,285061.53977109154,350349.24377244286,-65287.70400135132,bullish_pressure (net outflow from exchanges)
2026-06-01,242548.97565828642,250388.46459831338,-7839.48894002696,bullish_pressure (net outflow from exchanges)
2026-06-02,164144.1876153931,171155.38614385485,-7011.19852846174,bullish_pressure (net outflow from exchanges)
2026-06-03,187432.1938449479,268771.4733688017,-81339.2795238538,bullish_pressure (net outflow from exchanges)
2026-06-04,230760.2212089645,634947.6515010672,-404187.43029210274,bullish_pressure (net outflow from exchanges)
2026-06-05,427560.3005479664,560351.4567862303,-132791.15623826394,bullish_pressure (net outflow from exchanges)
2026-06-06,224858.21389243167,238947.56625875452,-14089.352366322855,bullish_pressure (net outflow from exchanges)
2026-06-07,388201.37925233867,390698.39306391386,-2497.0138115751906,bullish_pressure (net outflow from exchanges)
2026-06-08,120140.26847031248,178751.7584651006,-58611.48999478812,bullish_pressure (net outflow from exchanges)
2026-06-09,233010.2157698829,210427.87868238488,22582.337087498017,bearish_pressure (net inflow to exchanges)
2026-06-10,184833.64272217773,180391.7863381171,4441.856384060637,bearish_pressure (net inflow to exchanges)
2026-06-11,273977.7734316517,258861.57595681844,15116.197474833258,bearish_pressure (net inflow to exchanges)
2026-06-12,339874.01458528,262767.0960181249,77106.91856715508,bearish_pressure (net inflow to exchanges)
2026-06-13,117619.01855932252,96419.4345965077,21199.583962814824,bearish_pressure (net inflow to exchanges)
2026-06-14,275744.5654806869,281309.1083285286,-5564.542847841687,bullish_pressure (net outflow from exchanges)
2026-06-15,226438.3170314259,191355.83092619578,35082.48610523011,bearish_pressure (net inflow to exchanges)
2026-06-16,179785.86572108557,188235.18980506665,-8449.324083981075,bullish_pressure (net outflow from exchanges)
2026-06-17,165768.67555444027,208656.7861659138,-42888.11061147353,bullish_pressure (net outflow from exchanges)
2026-06-18,289790.2710311642,101896.58942089723,187893.68161026697,bearish_pressure (net inflow to exchanges)
2026-06-19,252376.56100479086,330388.86286000704,-78012.30185521618,bullish_pressure (net outflow from exchanges)
2026-06-20,72836.57923692241,99585.72909705748,-26749.149860135076,bullish_pressure (net outflow from exchanges)
2026-06-21,47077.16962022523,48610.98862902424,-1533.8190087990151,bullish_pressure (net outflow from exchanges)
2026-06-22,172640.16288851225,51531.83675306391,121108.32613544834,bearish_pressure (net inflow to exchanges)
2026-06-23,153131.00391373658,261947.34832442724,-108816.34441069065,bullish_pressure (net outflow from exchanges)
2026-06-24,432232.4567755144,366736.5769919424,65495.87978357199,bearish_pressure (net inflow to exchanges)
2026-06-25,170697.14247421885,192265.7528201258,-21568.610345906956,bullish_pressure (net outflow from exchanges)
2026-06-26,134017.65936634812,110600.39974955018,23417.259616797935,bearish_pressure (net inflow to exchanges)
2026-06-27,45691.094481348606,82621.13809441519,-36930.043613066584,bullish_pressure (net outflow from exchanges)
2026-06-28,71907.86620994758,93090.04692345692,-21182.18071350934,bullish_pressure (net outflow from exchanges)
2026-06-29,438555.69164819637,517500.4582198634,-78944.76657166705,bullish_pressure (net outflow from exchanges)
2026-06-30,280072.2076730469,415616.37889204116,-135544.17121899425,bullish_pressure (net outflow from exchanges)
2026-07-01,360384.398854341,376145.0342766901,-15760.635422349093,bullish_pressure (net outflow from exchanges)
2026-07-02,280198.8981361569,228312.11640506028,51886.78173109662,bearish_pressure (net inflow to exchanges)
2026-07-03,210537.49035935607,209904.9851296435,632.5052297125803,bearish_pressure (net inflow to exchanges)
2026-07-04,82452.81103097161,74967.28278990038,7485.528241071239,bearish_pressure (net inflow to exchanges)
2026-07-05,118578.06793851391,106973.8423753251,11604.225563188811,bearish_pressure (net inflow to exchanges)
2026-07-06,156459.7434971835,54678.490157416665,101781.25333976682,bearish_pressure (net inflow to exchanges)
2026-07-07,87653.43226846946,87857.90626743642,-204.47399896696152,bullish_pressure (net outflow from exchanges)
2026-07-08,160393.3687616499,168993.53987411258,-8600.171112462675,bullish_pressure (net outflow from exchanges)
2026-07-09,66502.8893670386,74220.22668903234,-7717.337321993735,bullish_pressure (net outflow from exchanges)
2026-07-10,106803.38494741796,102128.86630474715,4674.51864267081,bearish_pressure (net inflow to exchanges)
2026-07-11,45993.53895516387,32544.5982112535,13448.940743910374,bearish_pressure (net inflow to exchanges)
