hash,datetime,from,to,value_token,direction
0x78fa38adaeeb0eaa9d53fce7d655f0004f531fd8f2608983ce9fa31e742c5196,2026-06-29 16:10:59+00:00,0xc77e32c07bc9c40333f2d9776ce5150ccb1482c9,0x9642b23ed1e01df1092b92641051881a322f5d4e,161819.08,deposit_to_exchange
0x7038c45af3533b00a8c00c5e1f8fdd7e3622fa20d2682f7f95108b3301350edd,2026-06-29 15:50:35+00:00,0x0d9a1ca7bc756ae009672db626cde3c9bef583ef,0x5501bdc3fd3c95d8e35661b951d90e30f8550d7d,159987.06,withdrawal_from_exchange
0x5144fb541a98ec8e7372e4e65de2465f430b6012183fa1b930f60b160cab159f,2026-06-18 20:38:47+00:00,0x703c43ebe8370c051e8c652c987f2a5b78eeac5e,0x0d9a1ca7bc756ae009672db626cde3c9bef583ef,111587.77,deposit_to_exchange
0xf376350d0dcfca72c39b85550ff0f664352567894dc93c8701c33ff8e14b380b,2026-06-10 14:58:47+00:00,0x0d9a1ca7bc756ae009672db626cde3c9bef583ef,0xb9632a75b6b235e598d6fad13472c7f9bbdd87cf,100000.62,withdrawal_from_exchange
0x07a8099a0f54e845626389b1494ab39f9ea35b8921ab455658422826014ddd27,2026-06-05 07:32:59+00:00,0x0d9a1ca7bc756ae009672db626cde3c9bef583ef,0x731fb25009000de8dce8f9259262ebe58ff6590c,102700.0,withdrawal_from_exchange
0xcb253f07338c9293e4e94e33addc60ce891091e06321c4cec0e3163c46a6dfc4,2026-06-04 08:21:59+00:00,0xf335788b2251dec93332310d96d15500cdc4c34b,0xc5d3d8fbad6480f1234e7511a735f5718f2231bd,378970.8127967707,withdrawal_from_exchange
0x456f36c838409999c216a9cbbbde55a987cb2c9e465b2a80cc0ef56efc1eb06b,2026-05-26 08:50:11+00:00,0xb9e3deaa15ef93ea7068518573aaa0ebfc5b7a91,0x74de5d4fcbf63e00296fd95d33236b9794016631,100000.0,deposit_to_exchange
0x164f2dee653a26e3d9bf391ecb835756e4394b4885432e00667af968e1eabf51,2026-05-26 08:45:59+00:00,0xb9e3deaa15ef93ea7068518573aaa0ebfc5b7a91,0x74de5d4fcbf63e00296fd95d33236b9794016631,100000.0,deposit_to_exchange
0x745925ad41e924391bb46af18068e0b3624f885c4287a76046126f0f6c6f1120,2026-05-26 08:15:11+00:00,0xb9e3deaa15ef93ea7068518573aaa0ebfc5b7a91,0x74de5d4fcbf63e00296fd95d33236b9794016631,100000.0,deposit_to_exchange
0x436cb6b7c683fe0570a0afae071fa41b31c9dd7d263c8b41686680bfa866df37,2026-05-11 06:39:23+00:00,0x2b0302d0da80b7d206a5a07262ec3dfe0b3567cb,0x0d9a1ca7bc756ae009672db626cde3c9bef583ef,178742.0,deposit_to_exchange
0x7c3f8dcbe1078f24cc28f72e726c33c2471ca37a78ec7f5e923386a468d6722e,2026-05-11 06:34:47+00:00,0x0d9a1ca7bc756ae009672db626cde3c9bef583ef,0xb9632a75b6b235e598d6fad13472c7f9bbdd87cf,178742.0,withdrawal_from_exchange
0x2a15cbde606a0bc4aca690d7ae22505faf4d7ae0bedd7a660d53fe487d1ee872,2026-05-01 19:34:47+00:00,0xc593fe9193b745447e86b45ea0bf62565ee030cc,0x2f76b6259f56cc5091f5531d8c359d0212886cdd,113179.47256177317,withdrawal_from_exchange
0x5bc25ec7a78ba386f099b007abe5a86320581eb6c65bf51cac004152bbab4684,2026-04-30 17:34:59+00:00,0x0d9a1ca7bc756ae009672db626cde3c9bef583ef,0x0f14300600434be8887567b3724e0c91f94b4be2,149976.0,withdrawal_from_exchange
0x87bb5d70add8bc32ba3d2b3b13a17d5404eb6fff2a18fa0b58b4b3b5a851acfe,2026-04-27 05:07:47+00:00,0x8fb25d40add1f28016ed7cec11e099a1d109bd4e,0xc593fe9193b745447e86b45ea0bf62565ee030cc,103814.38452063015,deposit_to_exchange
0x53b20e68e03cc2ff03697d874042d2868d9961aa407c8a9495b0b7c2ad7e49b6,2026-04-27 00:35:59+00:00,0xc593fe9193b745447e86b45ea0bf62565ee030cc,0x7f54f05635d15cde17a49502fedb9d1803a3be8a,103816.99390009619,withdrawal_from_exchange
0x944da64857a180ba87f2e2ec558ffb621f72c985948a5669e264afd2bb191c91,2026-04-18 14:24:59+00:00,0xd7b9bf2cc7393d1faf81777d7edf02547519f4a0,0xc593fe9193b745447e86b45ea0bf62565ee030cc,180047.18585630358,deposit_to_exchange
0x86b1c3b24963dda2ea34d4a31125b2f649fbe26e90a4a4ac78be7e5e482a8167,2026-04-15 11:04:59+00:00,0x3b2642b7f84f095e67bb11dabf81d2776bf22ddf,0x0d9a1ca7bc756ae009672db626cde3c9bef583ef,131759.54,deposit_to_exchange
0xfa83695c8d9b775312a9d57b6974709427e216a47effcffa35bcfcffab372e75,2026-04-13 07:46:35+00:00,0x1acc861bfc47e7b163d5e9c1e0cea29e7b1f8f05,0x58edf78281334335effa23101bbe3371b6a36a51,165000.0,deposit_to_exchange
0x2ca46299d42a95d865c1f7be119e9bcc29155bd56d07c414579e133c6b9c8ff7,2026-04-12 07:53:59+00:00,0xaede56cc4d3311885baa47d465270c5ef971674e,0x0d9a1ca7bc756ae009672db626cde3c9bef583ef,130000.0,deposit_to_exchange
0xcf6e199b69414df5f378a1bb84b26cb774ec27bf33dae9298f196d73f7931cfa,2026-04-06 21:53:11+00:00,0x9642b23ed1e01df1092b92641051881a322f5d4e,0x3b2642b7f84f095e67bb11dabf81d2776bf22ddf,124055.68,withdrawal_from_exchange
0x28d47b638007407f93e05e4a6fdaa87d81d989720195eda3faf89d6abc3acdc0,2026-04-06 17:52:47+00:00,0xc0ed8b18b962be620d67ed824d12a24b0bfae22a,0xc593fe9193b745447e86b45ea0bf62565ee030cc,100000.00120205032,deposit_to_exchange
0xe2d987f1be62dcf8cec605c9c7dc510f710c0e3264a883e21b56cca29960ec62,2026-04-06 15:09:23+00:00,0x58edf78281334335effa23101bbe3371b6a36a51,0x6d5317ef321753c3ec2a5c96fb7f6e9e16a02b4c,218629.73,withdrawal_from_exchange
0x2bf1859f75160d7666bc74a18f44a9ebfba9e01f9586e09eb9c890e19b00cf6b,2026-03-30 11:52:35+00:00,0xc593fe9193b745447e86b45ea0bf62565ee030cc,0x9da8bfa73922ba179b7ce8dc9d5d1d4444e48878,105762.77590700315,withdrawal_from_exchange
0x838f83fbe67aae9b5d663e6a973aebf7687119a6dc02d17c72d98ab6d99f389e,2026-03-28 13:44:35+00:00,0x548054687ef6c56c6d82e8269e5fd93d8b88fcb2,0xf335788b2251dec93332310d96d15500cdc4c34b,162847.51844708,deposit_to_exchange
0xb5a93c54324b9943c8d831f6f7ebfdebda30456f5a101c88c8d0fc7a2e86dc5c,2026-03-27 19:15:23+00:00,0xc0ed8b18b962be620d67ed824d12a24b0bfae22a,0xc593fe9193b745447e86b45ea0bf62565ee030cc,150000.00120205033,deposit_to_exchange
0x8782ffda5f7d4b1175cdef82804d944812a1d35eefe8ae7c39f8ad7e20cf394d,2026-03-18 16:08:11+00:00,0x5501bdc3fd3c95d8e35661b951d90e30f8550d7d,0x0d9a1ca7bc756ae009672db626cde3c9bef583ef,159987.06,deposit_to_exchange
0x131925fc3d938f8364c30e9482fe9c6c17091073e8cbd5dc0faea8cde0b8b321,2026-02-28 06:11:47+00:00,0x8f12d088048514e8ec4eb36db4a2d7aff409835e,0x0d9a1ca7bc756ae009672db626cde3c9bef583ef,187528.03,deposit_to_exchange
0x07094ddc64449753f8fee1a49575bbb89dce8139b6c60338006fb714e78768b0,2026-02-23 11:43:35+00:00,0xc593fe9193b745447e86b45ea0bf62565ee030cc,0x3d90f66b534dd8482b181e24655a9e8265316be9,121504.24056356394,withdrawal_from_exchange
0xba5efd56a09b6b392f306fb2b74211d1a347d7f25573b3bc3ad6cf4e944f48d3,2026-02-23 09:57:47+00:00,0x7c89b3d72646bb76e81aaf33ade5cb91519c7202,0xc593fe9193b745447e86b45ea0bf62565ee030cc,131153.2052,deposit_to_exchange
0x94a36390a0b64972505b0a6fac3bbb9a0fb4fd1fa978a15c9b715dc430e2c00e,2026-02-18 12:39:47+00:00,0x0d9a1ca7bc756ae009672db626cde3c9bef583ef,0x8f12d088048514e8ec4eb36db4a2d7aff409835e,109203.23,withdrawal_from_exchange
0x7130c7cd303862cffac1f88f4fdb5aa4e31e55e94b86b09d3a9eabad069ab035,2026-02-13 19:08:47+00:00,0xc593fe9193b745447e86b45ea0bf62565ee030cc,0x9da8bfa73922ba179b7ce8dc9d5d1d4444e48878,119026.99665166315,withdrawal_from_exchange
0x0568a936705ab75eb0818ea25c768ff2362592a251635220cb7d0c7698c89082,2026-02-10 09:39:47+00:00,0x5e1f62dac767b0491e3ce72469c217365d5b48cc,0x74de5d4fcbf63e00296fd95d33236b9794016631,252782.36534750726,deposit_to_exchange
0x0568a936705ab75eb0818ea25c768ff2362592a251635220cb7d0c7698c89082,2026-02-10 09:39:47+00:00,0xc593fe9193b745447e86b45ea0bf62565ee030cc,0x5e1f62dac767b0491e3ce72469c217365d5b48cc,252782.3653475073,withdrawal_from_exchange
0x0568a936705ab75eb0818ea25c768ff2362592a251635220cb7d0c7698c89082,2026-02-10 09:39:47+00:00,0x74de5d4fcbf63e00296fd95d33236b9794016631,0xb9e3deaa15ef93ea7068518573aaa0ebfc5b7a91,252782.36534750726,withdrawal_from_exchange
0x49da9fb31499f0b01fa02848a5211032d191845a2bdf222804d35b3e00236f2d,2026-02-09 03:04:47+00:00,0x926a4354ef671aac7b63ff1eddb620638e3d8893,0x9642b23ed1e01df1092b92641051881a322f5d4e,100000.0,deposit_to_exchange
0x52c1ffef36f58db7868396a1d408fd36838d750da3cbed78d9b253b53d99d7c2,2026-02-09 03:04:11+00:00,0x24e896d52cd44aaf83587e54d92a4c3d01e13b67,0x58edf78281334335effa23101bbe3371b6a36a51,100000.0,deposit_to_exchange
0x9642d301647eb9199472f91b52af444b2954d692ffba5a5631a77c588f3ded70,2026-02-02 07:57:35+00:00,0xdae019b2a5674b15f3b45796a6fcf343a86c139c,0xc593fe9193b745447e86b45ea0bf62565ee030cc,101501.95256109098,deposit_to_exchange
0xb7bf11b8b4376c6a259cca7c1aba0f12f12fe4343ec4b993666cd425ad2b94e8,2026-01-31 10:40:35+00:00,0x7025e8bde593902383965b971063958b65b60775,0x663dc15d3c1ac63ff12e45ab68fea3f0a883c251,111281.21603101202,deposit_to_exchange
0x9394027290a1a80d06f4d2655f3df9089956a9c5c5a2d0d61d81690711711e36,2026-01-29 20:43:11+00:00,0x0d4c762b3d73738b59cb406b04d198a40e84bdb8,0x0d9a1ca7bc756ae009672db626cde3c9bef583ef,100000.0,deposit_to_exchange
0x9056bb264a644524df692d60c1e8330c08e37d0863bb5111f9a9b1b743c513a2,2026-01-22 22:29:35+00:00,0xbc2dc96db5545ec8a997722add8792a6d0715ad1,0xeed86b90448c371eab47b7f16e294297c27e4f51,177217.0,deposit_to_exchange
0x896c0b9e3963a99db995c5ff1a52678e9f5055601b3e6f179e2e29b702a3e5e1,2026-01-22 22:01:35+00:00,0xeed86b90448c371eab47b7f16e294297c27e4f51,0x2f651832a3861a65089851e03bc2f3a6869cd9db,177212.0,withdrawal_from_exchange
0x676c25ed90252d12614506dc53ccecd439f2bcc7dbb6324a2a97f242402835f8,2026-01-15 02:47:35+00:00,0x186b77168aeb5242ee877d4062c525a9e1a5d98e,0x9642b23ed1e01df1092b92641051881a322f5d4e,136583.4,deposit_to_exchange
0x973fe7aa4ef3ce61cd228599a7cf92997314511c080bb7247abb59cbeacbab63,2026-01-06 14:51:47+00:00,0xbdf853dbd7f78b4d12203214fff818d105f68da3,0xc593fe9193b745447e86b45ea0bf62565ee030cc,112843.14236421783,deposit_to_exchange
0x7793a24a5891bb3b07a9ff89a52c4e55a75aa4ac9daf1b3b389a2a52536daa0e,2026-01-05 01:13:47+00:00,0x58edf78281334335effa23101bbe3371b6a36a51,0xa2d2266f4a4c98d6598c2740c566857e3e97d244,234710.7106,withdrawal_from_exchange
0x2921c7024362beb2ab92f36168c447721ada229253509384452e74b399668665,2026-01-05 01:04:59+00:00,0x1b14376ee2d46ae5c27a43d902d96d4f3f264b83,0x58edf78281334335effa23101bbe3371b6a36a51,510200.0,deposit_to_exchange
0xfe6a4396f252f1cabda3e9be3114d678b7bb49e40200fd104b6163830e70f0fb,2025-12-31 15:07:11+00:00,0x8aea432a775946d4e66eb973da805e0f250660fd,0x0d9a1ca7bc756ae009672db626cde3c9bef583ef,300000.0,deposit_to_exchange
0x1b462e7849e25543f0a262d2efc6bc1e306f1dc43175d260ccee9bfdf92c2eed,2025-12-31 10:38:59+00:00,0xd304e0804268151cd9830f07721ce5ae188c56d7,0x0d9a1ca7bc756ae009672db626cde3c9bef583ef,197651.75,deposit_to_exchange
0x64bc7d85ba41f7927d30132dd851a598ac171a36a1c4eedfb42045fa3c0400a9,2025-12-30 15:59:47+00:00,0xb0c31b839a2bad63e38cb1ddbad4ff214d686a5f,0x0d9a1ca7bc756ae009672db626cde3c9bef583ef,959706.23,deposit_to_exchange
0x9e09adf2b6941e65821b4b1cce12b033ee92dd097585ff4735858a8568e0d49f,2025-12-29 19:42:59+00:00,0x30d66bf121f216c546c37014de2f3dac4d013435,0x0d9a1ca7bc756ae009672db626cde3c9bef583ef,100000.0,deposit_to_exchange
0xfaf4e93e37cee5527817f0746d563bd598082f50016caf0049acd21c5e4c7080,2025-12-29 06:34:23+00:00,0xf8177d98a5689a9d02e1ddb4a68b3ebca3b517b1,0x0d9a1ca7bc756ae009672db626cde3c9bef583ef,246814.21,deposit_to_exchange
0x3986b9a5abb1fcbfd27e240bc0568f98d93539330a098f90dca7277d42b110bd,2025-12-27 18:23:11+00:00,0x2979caa3a35be097d188e66311a39f72fb831812,0x0d9a1ca7bc756ae009672db626cde3c9bef583ef,163186.03,deposit_to_exchange
0x42e0522573854086894a0c87f0a2003b4339ebca8afb86ea12000ab7b7f962c8,2025-12-26 21:06:35+00:00,0xf89d1c2e228fe80164e5cfe666ad6c51d26f6a3b,0x0d9a1ca7bc756ae009672db626cde3c9bef583ef,251264.5,deposit_to_exchange
0x2e7777d6c225161b0b02e0868dd70a96b3f9ffeba39878cd734f19bd661ef946,2025-12-25 19:12:23+00:00,0xece02834a14fd137e53270bb925ccc4128074baf,0x0d9a1ca7bc756ae009672db626cde3c9bef583ef,530574.0,deposit_to_exchange
0x1e964918e5d601fe49d372822ff6273a780022f650735255525fd674605317b7,2025-12-25 07:53:11+00:00,0x9642b23ed1e01df1092b92641051881a322f5d4e,0x634084ef3e100f5ed064a304781fd95d9e076c14,120000.0,withdrawal_from_exchange
0x442c8b1f25732beade7e2c8241798990bea95f57b239329dfe3ef1b43d4b13c9,2025-12-24 15:56:11+00:00,0x3b2642b7f84f095e67bb11dabf81d2776bf22ddf,0x0d9a1ca7bc756ae009672db626cde3c9bef583ef,170000.0,deposit_to_exchange
0xc69485459af43d6ccfea95dd2a292827c3d0a7b4550f2c19334ffdced861103b,2025-12-23 22:11:23+00:00,0x731fb25009000de8dce8f9259262ebe58ff6590c,0x0d9a1ca7bc756ae009672db626cde3c9bef583ef,100000.0,deposit_to_exchange
0x7df14148f37eed38e0c4207c6d25902caf4579d74e4b90a4dfdd6296c0b82211,2025-12-23 08:32:47+00:00,0x353bc646eb1884bb5810f5b8f814cb3604744db8,0x0d9a1ca7bc756ae009672db626cde3c9bef583ef,104275.5,deposit_to_exchange
0xf5bc84a5650e2dfd2074044c3f5a5cc1f2565c993ddec8e3e28e9095898cd331,2025-12-21 22:02:59+00:00,0xc206b70b7b24c692b5384cd6cd8e95b27b674ece,0xeed86b90448c371eab47b7f16e294297c27e4f51,135069.0,deposit_to_exchange
0x105a27f8beccf652a5fa71ca12adfa8df1821b35f6c06e0b756a6e0832378ae2,2025-12-20 08:36:35+00:00,0x4ff1d40fb7b56665bf95d8d8e3a5320de46709a1,0xc593fe9193b745447e86b45ea0bf62565ee030cc,102122.9069,deposit_to_exchange
0xdf5e01bec53ca6a8e52cee1e1950ddc2a2cb77dfbf4a452c42fff6be7874a141,2025-12-18 16:37:23+00:00,0x74de5d4fcbf63e00296fd95d33236b9794016631,0xf8177d98a5689a9d02e1ddb4a68b3ebca3b517b1,136050.9518494811,withdrawal_from_exchange
0x5950796464c350e80f4f27ce5aa4e10f2a7acb5dc86f100b013faed443788bab,2025-12-18 00:03:47+00:00,0xc593fe9193b745447e86b45ea0bf62565ee030cc,0x3d90f66b534dd8482b181e24655a9e8265316be9,111757.35761655647,withdrawal_from_exchange
0x84d6e191c00e48b6b5e72963eac8f9fa0d8d86e061f6bee156b0c6ff90c4e4f3,2025-12-15 22:48:11+00:00,0xc206b70b7b24c692b5384cd6cd8e95b27b674ece,0xeed86b90448c371eab47b7f16e294297c27e4f51,225000.0,deposit_to_exchange
0x240a8c03ab3c1cbac8a5d2d59eca2cae7aad12a9498cce1834b53d6ffbe6f8ba,2025-12-12 16:04:35+00:00,0xe8c15aad9d4cd3f59c9dfa18828b91a8b2c49596,0x58edf78281334335effa23101bbe3371b6a36a51,700000.0,deposit_to_exchange
0xa09572dfe6daa2335478f13938067840150f1456f7460ac36bc2c94e3edaa028,2025-12-12 13:41:23+00:00,0xc593fe9193b745447e86b45ea0bf62565ee030cc,0x66a9893cc07d91d95644aedd05d03f95e1dba8af,118410.67638882405,withdrawal_from_exchange
0x7e11de6588337e6797223d84a675d903eb5148b536b6a2e16f85786714fa7fe8,2025-12-10 20:03:47+00:00,0x24e896d52cd44aaf83587e54d92a4c3d01e13b67,0x58edf78281334335effa23101bbe3371b6a36a51,150000.0,deposit_to_exchange
0xeca57310cac88caa71db20fc6937b4f5787cf74a9c7ce8d40b520e9965ddd21f,2025-12-10 19:55:47+00:00,0x926a4354ef671aac7b63ff1eddb620638e3d8893,0x3cc936b795a188f0e246cbb2d74c5bd190aecf18,120000.0,deposit_to_exchange
0xa6869c23296611678e0e9322d2802c426f44200516a433f0e7f3fc413a977480,2025-12-10 16:01:23+00:00,0xd32689f698c1d4c16ec880284548c038cc66b602,0xc593fe9193b745447e86b45ea0bf62565ee030cc,139449.7928414149,deposit_to_exchange
0xf1fc684a86daedd8371458a798798e110d03f4acbd2d08266e43620cf807105e,2025-11-28 08:00:47+00:00,0xd481533be66b675b25976210ad723ff86bb4d00f,0x8c864d0c8e476bf9eb9d620c10e1296fb0e2f940,156373.12870861284,deposit_to_exchange
0x6b8400aa3e5eab45b816f98b196863bc462eb70dbd68a2e7716e3a4aaf6eb608,2025-11-27 01:18:11+00:00,0xb8e6d31e7b212b2b7250ee9c26c56cebbfbe6b23,0x58edf78281334335effa23101bbe3371b6a36a51,500000.0,deposit_to_exchange
0xa80010c6ab6292846b8be675b18827ac9fc55c130e04bf8b0fbff01473cb68c3,2025-11-26 07:52:23+00:00,0xc593fe9193b745447e86b45ea0bf62565ee030cc,0xc36442b4a4522e871399cd717abdd847ab11fe88,615530.6120644473,withdrawal_from_exchange
0xdb7238ec3fdde0aa4829f75fb709dc2e486e11e37447c18ab208429982ec4cd3,2025-11-24 07:51:47+00:00,0x24e896d52cd44aaf83587e54d92a4c3d01e13b67,0x58edf78281334335effa23101bbe3371b6a36a51,140000.0,deposit_to_exchange
0xadbba4eec1a9d252f076abcd427f55508126647557de1ea063442c6368ccf9ee,2025-11-24 07:45:35+00:00,0x926a4354ef671aac7b63ff1eddb620638e3d8893,0x3cc936b795a188f0e246cbb2d74c5bd190aecf18,110000.0,deposit_to_exchange
0x29b1fce65ac25acb253b0c84c68da3780cbbfdfa9c161c78a3cb94677c64bac6,2025-11-24 02:46:47+00:00,0xb8e6d31e7b212b2b7250ee9c26c56cebbfbe6b23,0x58edf78281334335effa23101bbe3371b6a36a51,100000.0,deposit_to_exchange
0xf4cff01e4f91911a2f723410ad1d51b4085b1121012d0cec607d4d50e21abf55,2025-11-20 12:10:11+00:00,0x548054687ef6c56c6d82e8269e5fd93d8b88fcb2,0xf335788b2251dec93332310d96d15500cdc4c34b,150000.0,deposit_to_exchange
0xc78ca164887e6722c5250d1a2712fcb2350497d43bac99714526d5cc6bf6ab23,2025-11-16 08:57:47+00:00,0xc593fe9193b745447e86b45ea0bf62565ee030cc,0xc36442b4a4522e871399cd717abdd847ab11fe88,639798.3370421685,withdrawal_from_exchange
0x3f92d91bde7aa6016ff1c6d8d6e6e72c9fe05a8ce811b3a1658e324c2ebd3f42,2025-11-12 19:17:35+00:00,0xf21822e714d04280e4a177c3313df08f6fbddc76,0xc593fe9193b745447e86b45ea0bf62565ee030cc,126608.65149542954,deposit_to_exchange
0x8eb499fdc1e0b01432c9298ee65ea0609e934dee08cc3f10839d5f5af550b279,2025-11-05 00:36:59+00:00,0x24e896d52cd44aaf83587e54d92a4c3d01e13b67,0x58edf78281334335effa23101bbe3371b6a36a51,250000.0,deposit_to_exchange
0xae20b6e2af7b9c1eb61a74efa79d7b7f2b7ea9815796413a7e86ca6e6fcc1bf1,2025-11-04 19:58:47+00:00,0x58edf78281334335effa23101bbe3371b6a36a51,0x2933782b5a8d72f2754103d1489614f29bfa4625,100000.0,withdrawal_from_exchange
0x9c6db356aa90d4c97398c5ea2e03acf6bde6a528110156a94911b1b357b9d188,2025-10-13 00:58:35+00:00,0x926a4354ef671aac7b63ff1eddb620638e3d8893,0x9642b23ed1e01df1092b92641051881a322f5d4e,122749.07,deposit_to_exchange
0x9b0d0d8369000b5165cbc1aad91893b60d044e5562b67ac8647967b904e02aa9,2025-10-13 00:48:23+00:00,0x58edf78281334335effa23101bbe3371b6a36a51,0x65c4b6feda69f8f846c7fb1f5eaaacdeeabecea9,122749.07,withdrawal_from_exchange
0x7a876146205da9206ae3e9b01b985ba3a35b3df25cee96c54215a5a1e02dbf26,2025-10-11 02:00:47+00:00,0x58edf78281334335effa23101bbe3371b6a36a51,0xb8e6d31e7b212b2b7250ee9c26c56cebbfbe6b23,244511.16786157052,withdrawal_from_exchange
0x6c63f843cfbb40e67baaaa229d6da1193614b2352e50926c9b05701f21b60f58,2025-10-10 18:26:35+00:00,0x24e896d52cd44aaf83587e54d92a4c3d01e13b67,0x58edf78281334335effa23101bbe3371b6a36a51,368268.0,deposit_to_exchange
0x34f9c4b8b2fa374525fb2dff2b4fe6e1a54b51676a42ba13e917e34f42d7fffd,2025-10-06 16:21:11+00:00,0xaee861930c2149b4605a2fed2fde2942f33c4685,0x74de5d4fcbf63e00296fd95d33236b9794016631,159841.69091394215,deposit_to_exchange
0x8a6877c21eb85298ea6bd6c25aab138ddda6724aa535fd5d476047ae7fd94c8c,2025-10-04 02:00:47+00:00,0x58edf78281334335effa23101bbe3371b6a36a51,0xb8e6d31e7b212b2b7250ee9c26c56cebbfbe6b23,534173.2437267915,withdrawal_from_exchange
0x7fcb2c4575de3b1b8f63bd76fbdbcf6b779cab7abdd43aa0d48082d844717fe0,2025-10-04 02:00:47+00:00,0x58edf78281334335effa23101bbe3371b6a36a51,0xaa10db8804d076601999c7cd769e02e44a99d5b2,950788.8987526655,withdrawal_from_exchange
0x94e4650496851a6a17f063043b0d463ee3eaec740e0082069a8f261e3b4a78c0,2025-10-02 18:01:11+00:00,0x2933782b5a8d72f2754103d1489614f29bfa4625,0x58edf78281334335effa23101bbe3371b6a36a51,1410000.0,deposit_to_exchange
0x6e2d3f0e34744e8085cd58fd052b534e35a7e433d560ee78f888fab337e984c3,2025-10-02 12:37:47+00:00,0xb8e6d31e7b212b2b7250ee9c26c56cebbfbe6b23,0x58edf78281334335effa23101bbe3371b6a36a51,500000.0,deposit_to_exchange
0x0e90d9ab61d7ddf7e68b5554c5c336358e33dc59ce0be2ae62c1db157e4bccb0,2025-10-02 09:17:23+00:00,0x2933782b5a8d72f2754103d1489614f29bfa4625,0x58edf78281334335effa23101bbe3371b6a36a51,600000.0,deposit_to_exchange
0xe38da3621077927dfd4918e5d4e117d1f41e15a5e604aa379bae1d6544c49ae8,2025-10-02 02:00:35+00:00,0x58edf78281334335effa23101bbe3371b6a36a51,0x1b14376ee2d46ae5c27a43d902d96d4f3f264b83,278554.37427996984,withdrawal_from_exchange
0xb1e64cfef8c4d12cffdb729bc2a45b34093d1c32079e4f1cabf6f5c598ba8172,2025-09-29 10:01:11+00:00,0xf335788b2251dec93332310d96d15500cdc4c34b,0x548054687ef6c56c6d82e8269e5fd93d8b88fcb2,117666.17448785108,withdrawal_from_exchange
0xa48d8d2c230bdb978acc0a5ed2df0188482ccadc894b55483ee93f4b92c6ddb2,2025-09-29 02:48:11+00:00,0x548054687ef6c56c6d82e8269e5fd93d8b88fcb2,0xf335788b2251dec93332310d96d15500cdc4c34b,150000.0,deposit_to_exchange
0x522b3c3c1dd0b807fa6c29a3e9e21a69908f5c3c7ef86dcfd6f6d44b78ec37c1,2025-09-27 07:30:35+00:00,0x365084b05fa7d5028346bd21d842ed0601bab5b8,0xc593fe9193b745447e86b45ea0bf62565ee030cc,120640.92989232237,deposit_to_exchange
0xc711548a92c48fb5291d8151de4d1cc2ab2601f6f60c192ce78e5bbbf775beb3,2025-09-25 17:47:11+00:00,0xd5ba81959b8529f4a0b447dd8b145deffa7f0212,0x9642b23ed1e01df1092b92641051881a322f5d4e,119993.0,deposit_to_exchange
0xf0dd96f0222d774cc8efad0aa9963317d289a40acac7751f7438b85c7dc7dbe8,2025-09-25 17:38:35+00:00,0x58edf78281334335effa23101bbe3371b6a36a51,0xd5ba81959b8529f4a0b447dd8b145deffa7f0212,119993.0,withdrawal_from_exchange
0x90975985a0dedf817b8936751c395b938ece3bf3ca17a7f4937f77250842bec7,2025-09-25 11:00:47+00:00,0x58edf78281334335effa23101bbe3371b6a36a51,0x1b14376ee2d46ae5c27a43d902d96d4f3f264b83,228337.04150237364,withdrawal_from_exchange
0x6e54104218af843d915d34aba7e0bc112c0df5fd596ba3ef72b7c6878c2db2e5,2025-09-25 07:25:59+00:00,0x3f953e053aa530f3155a07170bf35f8cde6bb453,0x58edf78281334335effa23101bbe3371b6a36a51,150000.0,deposit_to_exchange
0xf07ea168d3921ce3c1a15bdf729bdd55105b4d1e61c8cc351dc14d7085f26711,2025-09-25 06:44:47+00:00,0x3f953e053aa530f3155a07170bf35f8cde6bb453,0x58edf78281334335effa23101bbe3371b6a36a51,100000.0,deposit_to_exchange
0x16855170f238377f353088c2cbdec174265ed195dce04c8bba182a78a73c97d4,2025-09-17 20:04:35+00:00,0x125575d8ff55bca69b694a8f2e877a0bab7b8da5,0xc593fe9193b745447e86b45ea0bf62565ee030cc,216628.2124,deposit_to_exchange
0x5c359e05c1b6b5db75a9e1d0647de287fc272797a6820212bd1ecc1e26f07a18,2025-09-17 16:53:23+00:00,0x0c72dc0e7681a933c5a72b9151f7d246e30a90d3,0x9642b23ed1e01df1092b92641051881a322f5d4e,106754.0801,deposit_to_exchange
0xa402739656208e060b37ab87ae17416ea20f8583f2a8e1cac01143a784876300,2025-09-03 10:41:59+00:00,0x5efd3becc84bd35ff5f83e9cbeff8ce03cfc6ce8,0x3cc936b795a188f0e246cbb2d74c5bd190aecf18,327954.7734783163,deposit_to_exchange
0x0c57b53984e306b6e27bf96bb0455d0387502eb086ce57c8fa17095a0cddeba9,2025-08-22 19:04:35+00:00,0x24e896d52cd44aaf83587e54d92a4c3d01e13b67,0x58edf78281334335effa23101bbe3371b6a36a51,123366.0,deposit_to_exchange
0x55d49f64b10dac07908f27ce6f7a93a9a9fa6f85455952ef415a36c7fbd1ce2f,2025-08-22 16:52:11+00:00,0x926a4354ef671aac7b63ff1eddb620638e3d8893,0x9642b23ed1e01df1092b92641051881a322f5d4e,123366.0,deposit_to_exchange
0x04a1644f7f32358c95fec0baff8ab7615551b5bfca0f27f7ee2f112945e2aba8,2025-08-20 11:00:23+00:00,0x58edf78281334335effa23101bbe3371b6a36a51,0x1b14376ee2d46ae5c27a43d902d96d4f3f264b83,190875.07216279386,withdrawal_from_exchange
0x56148469920d631c5dd3cdf9abf093cb545a80e868299a6faf8a52e8722a5cd2,2025-08-19 12:55:59+00:00,0x58edf78281334335effa23101bbe3371b6a36a51,0x1b14376ee2d46ae5c27a43d902d96d4f3f264b83,200000.0,withdrawal_from_exchange
0x817c37b22ffea23876e919cca57c7719e9d0fd56bad3f4050131f3c47fa0da55,2025-08-19 02:00:47+00:00,0xb8e6d31e7b212b2b7250ee9c26c56cebbfbe6b23,0x58edf78281334335effa23101bbe3371b6a36a51,452700.0,deposit_to_exchange
0xe82bc6050c881b81da3c696bc3e44ca0edf4a48a325a7e4b6b92b1d4e0635704,2025-08-19 02:00:35+00:00,0x58edf78281334335effa23101bbe3371b6a36a51,0xb8e6d31e7b212b2b7250ee9c26c56cebbfbe6b23,133261.75201500097,withdrawal_from_exchange
0xce0ecc05c9e10e453c5551bf9f9642512fb5d7371ff6e7e3567e3dbb6c01eb1c,2025-08-18 17:01:35+00:00,0x58edf78281334335effa23101bbe3371b6a36a51,0x2933782b5a8d72f2754103d1489614f29bfa4625,900000.0,withdrawal_from_exchange
0x75812ac354bc16808493c130401f19c018692aab56bcca758cda4c2e706e091a,2025-08-18 14:41:11+00:00,0x2933782b5a8d72f2754103d1489614f29bfa4625,0x58edf78281334335effa23101bbe3371b6a36a51,1252700.0,deposit_to_exchange
0xe24e313b012b7ad635cd5a464c5d90554cf4b333214e0fdbebd98481d17e9902,2025-08-18 13:34:35+00:00,0xa09240a7f2732898f49074dc2b1f63b46b18e1a4,0x58edf78281334335effa23101bbe3371b6a36a51,131722.58656084,deposit_to_exchange
0x198f29c422eaa9df9916ffa2170ab648c9c3f528f447ed65b33b5fe079c2268f,2025-08-14 12:04:59+00:00,0xab993c21d2afcbb90dfa1856c5346d06c8c88616,0xc593fe9193b745447e86b45ea0bf62565ee030cc,149507.92135771486,deposit_to_exchange
0x1fb8bfb45c50de7dfda900b20f008f52a02d7ebe14ee8efa4e984a010ab0e727,2025-08-13 15:22:47+00:00,0x9008d19f58aabd9ed0d60971565aa8510560ab41,0x2f88408acab51f7f79ec3833a1450afed9ed87ae,131913.18347831632,withdrawal_from_exchange
0xf122e6f64ad15147d72c4c7caf32ab5ddd9bb850f6df7eb03318d3f88fc9f40c,2025-08-12 13:22:35+00:00,0x24e896d52cd44aaf83587e54d92a4c3d01e13b67,0x58edf78281334335effa23101bbe3371b6a36a51,100000.0,deposit_to_exchange
0x8df4ebfb5027a7821b986450ecb1998983255f8aeb829b7ebe3811e00849d4ac,2025-08-12 06:43:47+00:00,0xc593fe9193b745447e86b45ea0bf62565ee030cc,0x66a9893cc07d91d95644aedd05d03f95e1dba8af,100250.0,withdrawal_from_exchange
0xfb91221adbd76905e30b7c2c5ef3bf993709e5a77a255e9ebd5bd077fe9b3cce,2025-07-28 17:24:59+00:00,0x2933782b5a8d72f2754103d1489614f29bfa4625,0x58edf78281334335effa23101bbe3371b6a36a51,300000.0,deposit_to_exchange
0xb22241c29020002082b7f887de1021a31e022cf154b799908ec42671b0b53268,2025-07-28 04:02:11+00:00,0x9642b23ed1e01df1092b92641051881a322f5d4e,0xe92e65049b3c2ca12806e9567b08895118c5a03f,135037.76999899998,withdrawal_from_exchange
0x45202146f8c0eaf7019da73e3a44983f57014779e5352aa8c6ad5f7a180c82bb,2025-07-28 02:23:11+00:00,0x0d4d42969105e5a144a2538aeb24a2e16be40e34,0x9642b23ed1e01df1092b92641051881a322f5d4e,150000.0,deposit_to_exchange
0x023b184e696d08b55ad071238fb28e39258f16732316d3fea5372986dfb4736c,2025-07-24 10:18:47+00:00,0x24e896d52cd44aaf83587e54d92a4c3d01e13b67,0x58edf78281334335effa23101bbe3371b6a36a51,100000.0,deposit_to_exchange
0x9f4fa4a5b0836e1cd3c78286feb01b03b2fd094dbd233ca8e7fb02f3ce2c643a,2025-07-24 07:18:59+00:00,0x5efd3becc84bd35ff5f83e9cbeff8ce03cfc6ce8,0x9642b23ed1e01df1092b92641051881a322f5d4e,219999.66,deposit_to_exchange
0xc548230e00f835b92dca3e06a634951ec75b7f36cf1688d1790b787e372ccb1f,2025-07-21 15:59:11+00:00,0x0cfc408601c5c1118c91b1a06ccdfa94cba7c21e,0xaa469fc353c0ccffc8fc192e021afbc4e5303892,200000.0,deposit_to_exchange
0x8a80b03cbbc2d3fabed01dcd173ad2db185423e5d169cf3ad0e4335885a4b044,2025-07-21 15:49:11+00:00,0xc593fe9193b745447e86b45ea0bf62565ee030cc,0xc36442b4a4522e871399cd717abdd847ab11fe88,251631.0231716071,withdrawal_from_exchange
0xbe9e01786bcdab7bcad44347f0663285557a8ceecd9ddd5b7a3608559970d3ce,2025-07-19 02:00:35+00:00,0x58edf78281334335effa23101bbe3371b6a36a51,0xe8c15aad9d4cd3f59c9dfa18828b91a8b2c49596,305901.35758475686,withdrawal_from_exchange
0x547a1a51f6fe5995c7c83dd763577397abc872dada9b675926b1255b8aa80236,2025-07-18 16:28:47+00:00,0x24e896d52cd44aaf83587e54d92a4c3d01e13b67,0x58edf78281334335effa23101bbe3371b6a36a51,380000.0,deposit_to_exchange
0xfeaad9f12ed4f1220665b94db46a4d59237d6770adccbdab3e82df707f077cab,2025-07-16 16:15:11+00:00,0x1ab4973a48dc892cd9971ece8e01dcc7688f8f23,0x57d7b62c7b877f315b2d0cac98c4775f5bd3cd0b,322982.63828216,withdrawal_from_exchange
0xe04df042d6092d40a34c92eb43034ce7ec47fd39f0e827b8692324f6644d7944,2025-07-13 11:01:11+00:00,0x9642b23ed1e01df1092b92641051881a322f5d4e,0xe92e65049b3c2ca12806e9567b08895118c5a03f,137190.03,withdrawal_from_exchange
0x8ea5c041d32a89a4f88566f1e731e6ed8818ab148f0b61dfc24fd99a47f9459e,2025-07-13 09:01:11+00:00,0x0d4d42969105e5a144a2538aeb24a2e16be40e34,0x9642b23ed1e01df1092b92641051881a322f5d4e,200000.0,deposit_to_exchange
0x5a3fd4a1581b5a93e5564e4a199001654a2b1e60061d719a8e689ab797a9adbb,2025-07-11 02:00:35+00:00,0x58edf78281334335effa23101bbe3371b6a36a51,0xe8c15aad9d4cd3f59c9dfa18828b91a8b2c49596,122603.87696081297,withdrawal_from_exchange
0x2057aa10c6a0f05b6a1cd7dd55be03a1c35feeea24bb8839cc11ed1436bcedf7,2025-07-10 18:38:47+00:00,0x24e896d52cd44aaf83587e54d92a4c3d01e13b67,0x58edf78281334335effa23101bbe3371b6a36a51,333333.0,deposit_to_exchange
0xd8053108bed3ffcb757f157db9af340be91b8c3bfdb25431c621053d609ff341,2025-07-07 04:48:11+00:00,0x9642b23ed1e01df1092b92641051881a322f5d4e,0xe92e65049b3c2ca12806e9567b08895118c5a03f,273661.2,withdrawal_from_exchange
0x14a0b92f3a19ff93fe9f350b40c7447b28f03d09b24ef79f5fa05a61c9f90185,2025-07-07 03:43:23+00:00,0x0d4d42969105e5a144a2538aeb24a2e16be40e34,0x9642b23ed1e01df1092b92641051881a322f5d4e,300000.0,deposit_to_exchange
0x3b504e0e27d26f376c1fa247d4c458a80ed02f9516c49500fc751d4d98676562,2025-06-24 10:01:11+00:00,0xf335788b2251dec93332310d96d15500cdc4c34b,0x548054687ef6c56c6d82e8269e5fd93d8b88fcb2,203890.67407473794,withdrawal_from_exchange
0xb620ce06d084be735d8352936e5ec3cca24e2f4b71e8e8d17914c921084ad05c,2025-06-23 07:24:59+00:00,0x548054687ef6c56c6d82e8269e5fd93d8b88fcb2,0xf335788b2251dec93332310d96d15500cdc4c34b,213034.23406391,deposit_to_exchange
0x6a1fad3cdff1ed51c3bd37fb3b3f798e88a53b3325a04a60efb5cdadddb16c24,2025-06-19 10:01:35+00:00,0xf335788b2251dec93332310d96d15500cdc4c34b,0x548054687ef6c56c6d82e8269e5fd93d8b88fcb2,213034.23406391,withdrawal_from_exchange
0x4b6c426cd20b62482c6609a510d060a6e6b61803e2da95507fced23859c6e247,2025-06-18 10:25:35+00:00,0x548054687ef6c56c6d82e8269e5fd93d8b88fcb2,0xf335788b2251dec93332310d96d15500cdc4c34b,221439.86868106,deposit_to_exchange
0x9e539c7d8105646508d2b388e315f45cbf102d615c96c3fc7c94bb4ac5c172f0,2025-06-17 11:40:11+00:00,0x75de8e33cc2b242b63e8992b70fe4544ccb3592b,0xaa469fc353c0ccffc8fc192e021afbc4e5303892,100000.000365,deposit_to_exchange
0xf637bd56d0c1d649ebc0c3fa4ce119e61091e9eca9136d502ab664d2009949e0,2025-06-13 18:13:23+00:00,0xc534dd7ce3ba7a9a6b5aebff81095cacc7bf6d77,0x58edf78281334335effa23101bbe3371b6a36a51,120674.0,deposit_to_exchange
0xa2ce5324e88f178c79d5e5953316216ddac2adf40d7c18893192b3dc28c160ac,2025-06-12 10:22:47+00:00,0xc29b8ab20f59623fa15564470eb22f16433eb0b7,0xaa469fc353c0ccffc8fc192e021afbc4e5303892,123021.832,deposit_to_exchange
0xb75957b2db7250d5b40fec18bd1490285fc625ef46aa3c2f018889c0023aaab7,2025-05-25 02:00:35+00:00,0x58edf78281334335effa23101bbe3371b6a36a51,0xdd276dc5223d0120f9bf1776f38957cc8da23cb0,234033.1167737164,withdrawal_from_exchange
0xd79525d33e39f3917858358d1392acf2eac67155b7a76fae2f1dfa4cd3ced874,2025-05-24 18:54:59+00:00,0x24e896d52cd44aaf83587e54d92a4c3d01e13b67,0x58edf78281334335effa23101bbe3371b6a36a51,300000.0,deposit_to_exchange
0xa455cd702893cdc206901a45659bfe7e6fc9833452e1c176b1e33982ff936fd9,2025-05-21 00:24:35+00:00,0x58c8eb2ec05e31556583d0be07e59f24abbae2ce,0x9642b23ed1e01df1092b92641051881a322f5d4e,130000.0,deposit_to_exchange
0x48a05524fccaa362dc0cbe41425844ca5e49e8ad469100fabf1675a6b5fcdc83,2025-05-19 16:56:11+00:00,0x9642b23ed1e01df1092b92641051881a322f5d4e,0x103abdc75115370696945345a7b7379e7ee545a1,125839.93000000001,withdrawal_from_exchange
0xfe68ecfe3bb3d512dfcdf4018b7c6f94f601ee8df24e8152c02f016f39aded75,2025-05-18 22:55:35+00:00,0x9642b23ed1e01df1092b92641051881a322f5d4e,0x2fea55edd0d09d3005d51ff77e135fdae71f9902,127028.51114265999,withdrawal_from_exchange
0x6a60626c767c3611b615525da4acb10c5c3631b962226a8e43f6f38db5561b5a,2025-05-12 18:53:47+00:00,0x58edf78281334335effa23101bbe3371b6a36a51,0x6d5317ef321753c3ec2a5c96fb7f6e9e16a02b4c,102614.71,withdrawal_from_exchange
0x2424ab9ad68da4e6b75cae9e5428455a23bad224a1752779db5e5bd033a48e74,2025-05-12 15:33:23+00:00,0x99893849acb6b71fb9257ba057e3f0bc32d151aa,0x58edf78281334335effa23101bbe3371b6a36a51,145363.24,deposit_to_exchange
0x4cd134d4114b660698b88596197824d8def66a06b3ab1574ea059191c121ff00,2025-05-12 15:27:11+00:00,0x0658230d42b7dcf7b4dd8cf6856b38b58a776431,0x9642b23ed1e01df1092b92641051881a322f5d4e,121266.67,deposit_to_exchange
0x82e7be6120a3ed0f6176b928abb064f43fa0cef5b0fc7caa8a79e91fa085f0b7,2025-05-12 14:11:35+00:00,0x6f399b26ea6af7cc51a4d71a2c8eec067db08249,0x9642b23ed1e01df1092b92641051881a322f5d4e,326162.79069767444,deposit_to_exchange
0xbeaacc180867d15d6dc4141da5a44c3d33b0c602ecaa19dad4be1c132a8cdbbd,2025-05-10 11:00:35+00:00,0x58edf78281334335effa23101bbe3371b6a36a51,0xdd276dc5223d0120f9bf1776f38957cc8da23cb0,231340.504417715,withdrawal_from_exchange
0xd6a118e38091fd9915f8671f012b3bc9f65506f3f24d2f2e9cac2cc9d87b6d43,2025-05-09 05:12:11+00:00,0xdd276dc5223d0120f9bf1776f38957cc8da23cb0,0x58edf78281334335effa23101bbe3371b6a36a51,500000.0,deposit_to_exchange
0x7580bf419de8a95c69a56e48fa3efb7b51381a8f66671a176d5d57fa3f0ddea6,2025-04-29 09:34:11+00:00,0x9642b23ed1e01df1092b92641051881a322f5d4e,0xd8d6ffe342210057bf4dcc31da28d006f253cef0,219230.81,withdrawal_from_exchange
0x9fceb2c746a024ee45488a00edaf0862dccdb6ddec2690e178a814464d234690,2025-04-29 07:28:59+00:00,0x0d4d42969105e5a144a2538aeb24a2e16be40e34,0x9642b23ed1e01df1092b92641051881a322f5d4e,250000.0,deposit_to_exchange
0x5663327f0c098df25854ff1632fd2f8a6fb7d5bebdc8c744e254412c66ad3abc,2025-04-23 12:01:59+00:00,0x0d4d42969105e5a144a2538aeb24a2e16be40e34,0x9642b23ed1e01df1092b92641051881a322f5d4e,100000.0,deposit_to_exchange
0xb5f8441f05285d56c7319d1244a13ef7815755a1966c6a36aa974d028d14b10a,2025-04-10 02:00:35+00:00,0x58edf78281334335effa23101bbe3371b6a36a51,0xdd276dc5223d0120f9bf1776f38957cc8da23cb0,467245.7004614052,withdrawal_from_exchange
0x9b7aefc4797578c0c561e664c467473af860ec7d9d38018c5aad4ed70fe964a1,2025-04-09 23:06:35+00:00,0xc534dd7ce3ba7a9a6b5aebff81095cacc7bf6d77,0x58edf78281334335effa23101bbe3371b6a36a51,357387.44,deposit_to_exchange
0x30255be18d045f9cb0feadf22930a282c55b93c40ba563e5ca967d451e54ac0c,2025-04-07 04:17:35+00:00,0xabe9b6807e4efbcd8d33d2b09c1255c333a02bf8,0xc593fe9193b745447e86b45ea0bf62565ee030cc,330110.6197213289,deposit_to_exchange
0xc64d0e0905713899632a46594c5d9507ac0a0478b9b3a5ba1f68640a9502cfaf,2025-04-02 17:03:35+00:00,0x2933782b5a8d72f2754103d1489614f29bfa4625,0x58edf78281334335effa23101bbe3371b6a36a51,492100.0,deposit_to_exchange
0x3bebda9fa92fda15c48a5d196fea3310cfb299eaae0dd7dafdbbdd26c20ec1e0,2025-04-02 15:28:35+00:00,0x58edf78281334335effa23101bbe3371b6a36a51,0xb61a451f926c73312c7b3b01b73194b02cbfacb2,200000.0,withdrawal_from_exchange
0xd204235ec85d68e4a159cc3b9018eaa53f6270587d0c00a72026d64c7564f3e7,2025-03-25 15:22:47+00:00,0x51b97d5c29af7e89bca1f5aa05de0224b9ad186b,0x9642b23ed1e01df1092b92641051881a322f5d4e,181952.0,deposit_to_exchange
0x7d28e480f02c6a40c1bb7d2d46d71f64db43c3fa32e6c50f8e73a1102d04d7fc,2025-03-25 15:13:35+00:00,0x58edf78281334335effa23101bbe3371b6a36a51,0x51b97d5c29af7e89bca1f5aa05de0224b9ad186b,181952.0,withdrawal_from_exchange
0x5d0877cd2d52c86d46e746c89e7950f87d362b8b891ccfd68c88f7d043e2765a,2025-03-20 02:00:35+00:00,0x58edf78281334335effa23101bbe3371b6a36a51,0xb8e6d31e7b212b2b7250ee9c26c56cebbfbe6b23,144657.0981907093,withdrawal_from_exchange
0x6c7550ee9c1281872ba1c0caee6b2908f8b9b285c53910844a175f62d45d3f53,2025-03-11 20:13:11+00:00,0x0d4d42969105e5a144a2538aeb24a2e16be40e34,0x9642b23ed1e01df1092b92641051881a322f5d4e,101001.21,deposit_to_exchange
0xc47b1d6afc9dcadedb3309daba427c98b2de00e314f78a3bb85c599a9243fe2d,2025-03-11 01:42:59+00:00,0xb8e6d31e7b212b2b7250ee9c26c56cebbfbe6b23,0x58edf78281334335effa23101bbe3371b6a36a51,498900.0,deposit_to_exchange
0x8ac6da380b9fc20f623792dace8ab89315d571ffe65b4036ba38822d8835cc8b,2025-03-11 00:07:11+00:00,0x9642b23ed1e01df1092b92641051881a322f5d4e,0xd8d6ffe342210057bf4dcc31da28d006f253cef0,432606.95,withdrawal_from_exchange
0xe6519f6b7f8966918d30a1e59a30d45b128e6889983555a58ba089b37824f2b5,2025-03-10 23:21:23+00:00,0x0d4d42969105e5a144a2538aeb24a2e16be40e34,0x3cc936b795a188f0e246cbb2d74c5bd190aecf18,128037.59,deposit_to_exchange
0xacdeb20ab58a4cf9cff3a2a38424a9e41d548eb31ba9ede1a20480d582df6de6,2025-03-10 22:54:59+00:00,0x0d4d42969105e5a144a2538aeb24a2e16be40e34,0x9642b23ed1e01df1092b92641051881a322f5d4e,400000.0,deposit_to_exchange
0x03ecd81b2d3fcd5272b59c120746620009b8a3b14b4caf15e125a5473af7e76b,2025-03-10 22:18:35+00:00,0x58edf78281334335effa23101bbe3371b6a36a51,0xb61a451f926c73312c7b3b01b73194b02cbfacb2,400000.0,withdrawal_from_exchange
0xc4f50e55cda58640c4c5f248caf5c42f6c6473ff00227d9a7b31a563b59282ac,2025-03-10 00:27:47+00:00,0xe1b5f0b39e967bf73b19e2f604767f63982ce52b,0x58edf78281334335effa23101bbe3371b6a36a51,200099.99999999997,deposit_to_exchange
0x5883c2f2234eeddc7df8538eca14e87bcca3882624ccd19aa56d3c2337f6e224,2025-03-10 00:18:35+00:00,0xeed86b90448c371eab47b7f16e294297c27e4f51,0xe1b5f0b39e967bf73b19e2f604767f63982ce52b,199999.99999999997,withdrawal_from_exchange
0x97ed0bb111ef5eb206c9a66bdec53fae98e6c588f7fa505640975807f2b365e7,2025-03-09 13:40:59+00:00,0x51b97d5c29af7e89bca1f5aa05de0224b9ad186b,0x9642b23ed1e01df1092b92641051881a322f5d4e,119993.07,deposit_to_exchange
0x055f5b43ad0e8b0c0d1361e1ae084a8991a2399af14d914cfa42d4d725081d19,2025-03-09 13:33:35+00:00,0x58edf78281334335effa23101bbe3371b6a36a51,0x51b97d5c29af7e89bca1f5aa05de0224b9ad186b,119993.07,withdrawal_from_exchange
0x7b944c71565ff8ec308f9b8919a5fbbbc27803fc914e55d3e23829409c55fb1d,2025-03-09 03:25:23+00:00,0x9008d19f58aabd9ed0d60971565aa8510560ab41,0xb4950fce1b8ef332b4f9670f4336cc1016394a6b,102386.02081535073,withdrawal_from_exchange
0x1194444049cf83ad56833139eb9dfb75822d3245042d0e716c2f2388d692e489,2025-03-09 01:34:59+00:00,0xafedf06777839d59eed3163cc3e0a5057b514399,0xf335788b2251dec93332310d96d15500cdc4c34b,130000.0,deposit_to_exchange
0xcc068886e26962075f3bb9d20009cbce4b30ed2c50525f43976a006b5a231b0b,2025-03-05 21:33:59+00:00,0x51b97d5c29af7e89bca1f5aa05de0224b9ad186b,0x9642b23ed1e01df1092b92641051881a322f5d4e,100000.0,deposit_to_exchange
0x46093c8155608de3cdf73b62e705ef7b90794ae310700e23c2788a8a719b2fed,2025-03-05 21:28:35+00:00,0x58edf78281334335effa23101bbe3371b6a36a51,0x51b97d5c29af7e89bca1f5aa05de0224b9ad186b,100000.0,withdrawal_from_exchange
0x9666d64c6c78dd93afd5eb54ef4a849120b4200eb0b2ac447cacf65022836a69,2025-03-04 02:00:35+00:00,0x58edf78281334335effa23101bbe3371b6a36a51,0x2933782b5a8d72f2754103d1489614f29bfa4625,153114.79789994317,withdrawal_from_exchange
0xf939ff6ac5de1c217b12672d14993fce90ad7f7b0cbba877e85918cdd851dd36,2025-03-03 23:27:47+00:00,0xa33c6a5d7a8e1d8adf83843ece910f8c53b1a69d,0x58edf78281334335effa23101bbe3371b6a36a51,219995.0,deposit_to_exchange
0xa39f25b97d91cd6d39cbb9dc6eac9b4e56f93f6e86c8fee4b8c508208ac5cf5a,2025-03-03 23:12:11+00:00,0x9642b23ed1e01df1092b92641051881a322f5d4e,0xa33c6a5d7a8e1d8adf83843ece910f8c53b1a69d,219995.0,withdrawal_from_exchange
0xf94039cafb8332607109b40591251c55311373101fa46e6b92c7adef7caaa2ef,2025-03-01 02:00:35+00:00,0x58edf78281334335effa23101bbe3371b6a36a51,0xb8e6d31e7b212b2b7250ee9c26c56cebbfbe6b23,109015.14,withdrawal_from_exchange
0xbae0a4353f19fb2411bd2ed41c0b6e3555d437b7f02024b42079bd0c164ea8bc,2025-02-28 21:37:23+00:00,0xc593fe9193b745447e86b45ea0bf62565ee030cc,0xb950b06878c3dccc1765663daa8e09409915459c,128550.00820210372,withdrawal_from_exchange
0x25c1bda36ab2c30b800a8f12715c0fb789cb03ba32376fb1b82c2d543057b30f,2025-02-28 21:37:11+00:00,0x6cb8f6f6508b681bde91d1ccc458feea2a2ac511,0xc593fe9193b745447e86b45ea0bf62565ee030cc,459030.12,deposit_to_exchange
0x04f6f986413a565974c5efb3909617e59899b4475b504d47da401fb7e3e84ae0,2025-02-28 10:43:47+00:00,0x58edf78281334335effa23101bbe3371b6a36a51,0x2647b484918c6bef0c7d313d1fb64c24952c0b14,218234.46,withdrawal_from_exchange
0xb9f727faa7f3deee89c61063b353229afeec5390ac4eac8f6ab781a19e123889,2025-02-28 10:36:23+00:00,0x5be2a97570e2aba349d82380f5d7d99da8fadc3f,0x9008d19f58aabd9ed0d60971565aa8510560ab41,189543.72125664313,deposit_to_exchange
0xb04407f6a9409c3b9ea9dad177e8c573e472ac2a759d831b0e060676f03ebd2b,2025-02-28 10:22:23+00:00,0x6a89a80e403176489316e7e8bd1e75fc5e61cd81,0x9008d19f58aabd9ed0d60971565aa8510560ab41,210029.43,deposit_to_exchange
0x577fd77909da6a3b2666b38fb0611b394d79cbd1193397620884ad5976e40a41,2025-02-28 05:06:35+00:00,0xa33c6a5d7a8e1d8adf83843ece910f8c53b1a69d,0x58edf78281334335effa23101bbe3371b6a36a51,189990.0,deposit_to_exchange
0x4f9b75e95d05c2fa6b480bc704c0e30d81efc67378a152d02f38134e23f597fc,2025-02-28 05:00:11+00:00,0x9642b23ed1e01df1092b92641051881a322f5d4e,0xa33c6a5d7a8e1d8adf83843ece910f8c53b1a69d,119995.0,withdrawal_from_exchange
0x0588cdfc0e7cb2f435a610d7cfdee1ea61a537b15d24a444bef8dd8308b43a16,2025-02-28 00:13:35+00:00,0x58edf78281334335effa23101bbe3371b6a36a51,0x9df3c29567335211e04e9facc34399615f9280ee,100000.0,withdrawal_from_exchange
0x08f1a4441c34f06be35dd8115cc4a91604c209953deea03345e34b1363139835,2025-02-27 14:05:23+00:00,0xb8e6d31e7b212b2b7250ee9c26c56cebbfbe6b23,0x58edf78281334335effa23101bbe3371b6a36a51,300000.0,deposit_to_exchange
0x70f86d3c6f751d962563d8e3cfbc5e1b08e049fbd1af031eb66f83463ab8f3ea,2025-02-26 19:55:35+00:00,0x5be2a97570e2aba349d82380f5d7d99da8fadc3f,0x9008d19f58aabd9ed0d60971565aa8510560ab41,129800.0,deposit_to_exchange
0x26b91ede455f02136f1802420de3ef7da67ce6b7f2dc6fbdac930e5d4098590a,2025-02-25 18:40:11+00:00,0xa33c6a5d7a8e1d8adf83843ece910f8c53b1a69d,0x58edf78281334335effa23101bbe3371b6a36a51,129990.0,deposit_to_exchange
0x2ef14dd189c6daf0a2319b5a7addec72d4adfde5aa79cf1f410c68faf23ce3c6,2025-02-19 14:08:23+00:00,0x9642b23ed1e01df1092b92641051881a322f5d4e,0xd8d6ffe342210057bf4dcc31da28d006f253cef0,117829.45,withdrawal_from_exchange
0x4e66c464aa9765d0a5c0b0486d68f982d3c22290c422d1f8ec4402503b4d5281,2025-02-19 13:47:11+00:00,0x9642b23ed1e01df1092b92641051881a322f5d4e,0xd8d6ffe342210057bf4dcc31da28d006f253cef0,138995.0,withdrawal_from_exchange
0xc1f1f548c056391b569cf8e416a0d34fe1fa490f384ec6715061a35b573907a7,2025-02-17 17:57:11+00:00,0x0d4d42969105e5a144a2538aeb24a2e16be40e34,0x3cc936b795a188f0e246cbb2d74c5bd190aecf18,299986.14,deposit_to_exchange
0xeef2367f6705f41dcbae8f3e3e1e914f8101b89ce26e7afffdbcf510016a1c1f,2025-02-08 02:00:35+00:00,0x58edf78281334335effa23101bbe3371b6a36a51,0x446b86a33e2a438f569b15855189e3da28d027ba,106281.4602181057,withdrawal_from_exchange
0x9e293d16de23dbdd254807e153bbdf145279fe7ea0d7ff4369adb392a1ed3e78,2025-02-06 23:36:23+00:00,0x58edf78281334335effa23101bbe3371b6a36a51,0xb8e6d31e7b212b2b7250ee9c26c56cebbfbe6b23,1100000.0,withdrawal_from_exchange
0x2919f8527e532299cecbdd0db9c52e5b6072688dbf283580cc101d045f389897,2025-02-06 15:08:47+00:00,0xd6216fc19db775df9774a6e33526131da7d19a2c,0x58edf78281334335effa23101bbe3371b6a36a51,1000000.0,deposit_to_exchange
0x5bd02d369d9bb204ed27692274decfa28d66b5d56049b86953a9a56db5fbe98e,2025-02-06 02:01:11+00:00,0x9642b23ed1e01df1092b92641051881a322f5d4e,0x1c3aca3786199cb1f2998f2b22705a3ec9fddf29,139995.0,withdrawal_from_exchange
0xb1680acd5342889d82b4415e40c8ea0186f61f454b3994cff32b623e3a17673a,2025-02-06 01:04:35+00:00,0xb8e6d31e7b212b2b7250ee9c26c56cebbfbe6b23,0x58edf78281334335effa23101bbe3371b6a36a51,440800.0,deposit_to_exchange
0xec65de1d01d9545409b1ecabc75781c621a8418a4ca60762ebc4f2fbf82ef2ed,2025-02-05 23:33:35+00:00,0x58edf78281334335effa23101bbe3371b6a36a51,0xb61a451f926c73312c7b3b01b73194b02cbfacb2,299986.14,withdrawal_from_exchange
0xa3c29273dfc30aac3d891a37147742905c0b96ad11e9a75faf2d82c9da341aa8,2025-02-05 09:13:35+00:00,0x58edf78281334335effa23101bbe3371b6a36a51,0x4364c9257bb1bd856b237ec6d7ab80bc0241705c,286006.7613,withdrawal_from_exchange
0xe719b487995aeec8fe3e6d9d4382cb57c54826076dbd5c92afd23f637e14ace8,2025-02-05 09:09:47+00:00,0xb8e6d31e7b212b2b7250ee9c26c56cebbfbe6b23,0x58edf78281334335effa23101bbe3371b6a36a51,500000.0,deposit_to_exchange
0x5f37b982402311a4d65af773e7ed5bf37807b7a8772e8ae3793a139f409c5a95,2025-02-02 19:17:59+00:00,0x338cd991cdcf21f3beca09bb7310c0287bfb35a4,0x3cc936b795a188f0e246cbb2d74c5bd190aecf18,101797.48,deposit_to_exchange
0x4a8b03cc31e4a0caa7a1318664add98e4539f43b50046eadacde574826cedd5a,2025-01-30 11:00:11+00:00,0xbb5807e86b82a8ea12536f95892ea61fdc83b4fe,0x3cc936b795a188f0e246cbb2d74c5bd190aecf18,100000.0,deposit_to_exchange
0xa5297318599425e12e1d7760e11dea1f35f09868a38d0851fa8f46201395ea41,2025-01-26 12:19:11+00:00,0xc593fe9193b745447e86b45ea0bf62565ee030cc,0xc36442b4a4522e871399cd717abdd847ab11fe88,113192.17091551448,withdrawal_from_exchange
0xbbf7ea3d542ca5912d0ea2fe5ebdc2b0277d6c35cdba8e81258a5a206e8196c3,2025-01-23 15:26:23+00:00,0xa294e2ca0e189953fddb3b12166845e487a15021,0xc593fe9193b745447e86b45ea0bf62565ee030cc,101610.5168,deposit_to_exchange
0xf426988170dec47b49e5be1d8f66dd03709f23aefb5a57eb29f4800dd731d493,2025-01-21 02:00:35+00:00,0x58edf78281334335effa23101bbe3371b6a36a51,0xb8e6d31e7b212b2b7250ee9c26c56cebbfbe6b23,105625.2563764368,withdrawal_from_exchange
0x16688175784f9fe517756b8ba31dee72aae0b762ce518a91f1bc637848622f16,2025-01-20 21:40:11+00:00,0xad47f9dea0c846b9b73e8f1198447e3fe556628e,0xc593fe9193b745447e86b45ea0bf62565ee030cc,100000.0,deposit_to_exchange
0xd74c5624a3bd63ad89382f5f5124d9003bcb80042edd6acaaf6eda2f006e756e,2025-01-19 15:39:59+00:00,0xb8e6d31e7b212b2b7250ee9c26c56cebbfbe6b23,0x58edf78281334335effa23101bbe3371b6a36a51,200000.0,deposit_to_exchange
0x8fbfe623bd1e875992e865105ced6ee8989ea9a028e3584f17f8b16503beac28,2025-01-09 02:07:23+00:00,0xb8e6d31e7b212b2b7250ee9c26c56cebbfbe6b23,0x58edf78281334335effa23101bbe3371b6a36a51,150000.0,deposit_to_exchange
0x390ede8dfa5bf9b6628e1886598de17b5232fa60d88f9fe0394541f52756eb69,2025-01-05 22:47:59+00:00,0x58edf78281334335effa23101bbe3371b6a36a51,0xb61a451f926c73312c7b3b01b73194b02cbfacb2,100000.0,withdrawal_from_exchange
0x17dce595e4364d5c2c1fef38dda48fbe2861b288aed9ca4354b849fdb689daaa,2025-01-04 11:00:47+00:00,0x58edf78281334335effa23101bbe3371b6a36a51,0xb8e6d31e7b212b2b7250ee9c26c56cebbfbe6b23,264606.45314556826,withdrawal_from_exchange
0xb5a1f39dca2e86f88be5a33734c35bf4459d4b3d916eef8964677f284749b5a0,2025-01-03 13:50:59+00:00,0x58edf78281334335effa23101bbe3371b6a36a51,0xb8e6d31e7b212b2b7250ee9c26c56cebbfbe6b23,300000.0,withdrawal_from_exchange
0x072669a676d8a60834c09865e826ec882fa771b773613a77d2d44117673cf8e7,2025-01-03 03:43:47+00:00,0xd6216fc19db775df9774a6e33526131da7d19a2c,0x58edf78281334335effa23101bbe3371b6a36a51,300000.0,deposit_to_exchange
0x85788458039eff604d9031e5de68a0aa774f9ffca2e56ed090c39ca49154dff5,2025-01-03 03:04:59+00:00,0xb8e6d31e7b212b2b7250ee9c26c56cebbfbe6b23,0x58edf78281334335effa23101bbe3371b6a36a51,389700.0,deposit_to_exchange
0x5509db0d4f171b7a35d110e90f233b92f90c5413dc1776d182951f44f27b14b7,2024-12-27 02:00:23+00:00,0x58edf78281334335effa23101bbe3371b6a36a51,0xb8e6d31e7b212b2b7250ee9c26c56cebbfbe6b23,324873.5865066473,withdrawal_from_exchange
0xb95d8bdfd86fcdd3ab3e3961379663e0a1680aa55ef8cadc93c90eaf9f99d2c5,2024-12-25 12:11:35+00:00,0xb8e6d31e7b212b2b7250ee9c26c56cebbfbe6b23,0x58edf78281334335effa23101bbe3371b6a36a51,509400.0,deposit_to_exchange
0x82984e34aaa30167c5fd47d6c4d6b4d9307bb4f352e4b5402694bd7758a8db73,2024-12-19 22:34:35+00:00,0x31afc6c62eb30bfb13a00be29ef09a672044d8b9,0x3cc936b795a188f0e246cbb2d74c5bd190aecf18,100030.5,deposit_to_exchange
0xd305c148a78ed49ee1e02e10b2194cf245def737d2450e47488b4de422645615,2024-12-06 10:48:11+00:00,0x139514ea7e57eb8eed6276248390c4f85152da62,0x58edf78281334335effa23101bbe3371b6a36a51,120000.0,deposit_to_exchange
0xcadc9ed313eed5f563bc4090db1506a456414d035483901e9873087e9b8e1349,2024-12-06 09:12:47+00:00,0xaee861930c2149b4605a2fed2fde2942f33c4685,0x74de5d4fcbf63e00296fd95d33236b9794016631,100000.0,deposit_to_exchange
0x67904ee41df06bc93f97eb570f69675a3acd72d4ecf4e837532e35fff56da996,2024-12-06 00:26:47+00:00,0x58edf78281334335effa23101bbe3371b6a36a51,0x2933782b5a8d72f2754103d1489614f29bfa4625,2800000.0,withdrawal_from_exchange
0xdcaaf2897f2bcbb46b6e0c68d36bda5dc699984939508027f384ccb3c0c9691f,2024-12-05 17:23:23+00:00,0xd6216fc19db775df9774a6e33526131da7d19a2c,0x58edf78281334335effa23101bbe3371b6a36a51,3000000.0,deposit_to_exchange
0x0b546f5ea4fa5199d46ac09a4bdf4f5184d5da31284d10d056564b122386a38b,2024-12-04 01:13:47+00:00,0x8ce0a5e20e99ddc1ce54771c3d5753eccdb04a98,0x58edf78281334335effa23101bbe3371b6a36a51,100000.0,deposit_to_exchange
0x9259bf5afeae360247cfdb89e4ff30c664287d83cc4d78ae5ed8010594e034a0,2024-11-28 07:37:35+00:00,0x24e896d52cd44aaf83587e54d92a4c3d01e13b67,0x58edf78281334335effa23101bbe3371b6a36a51,100000.0,deposit_to_exchange
0xda76b349165519230ae4f5c9e6dc803b87fd08ded24d0ddf6852bcb649f3e3b3,2024-11-25 02:06:23+00:00,0xd187c3de94c64b363978be527b27f5ff62755c83,0x58edf78281334335effa23101bbe3371b6a36a51,100000.0,deposit_to_exchange
0x17a0f00b040228e1098a7f71183c10d9878178f8c4f2dbeca61631cf9db37c2b,2024-11-16 22:03:11+00:00,0x58edf78281334335effa23101bbe3371b6a36a51,0xee279982df937c8a47daa8c0469f084727e9ab40,276910.0,withdrawal_from_exchange
0x9e19cb2ab607352c3e7b5552ae8b8a83076e65e9678359145c8f1063d6fe06db,2024-11-16 21:12:59+00:00,0x6253e2fd797940cb29e9ff5e124376c2ceabecbf,0x58edf78281334335effa23101bbe3371b6a36a51,321462.71537193423,deposit_to_exchange
0xe4fb8243f13c9f64143cf70ad70103d725e8a3c88d0854cc9c9b7fe945a67c53,2024-11-08 01:15:11+00:00,0xcf5824ce8b156e0445b78cb2cf6e2f794f8766ff,0x3cc936b795a188f0e246cbb2d74c5bd190aecf18,260198.3715,deposit_to_exchange
0xe29f82be83a87f353032ee281ff7787c7c659d1a3d6c79bd8101759df1c53d48,2024-11-07 11:20:47+00:00,0x5835e6599922bb9083b8badc9836dba4805f96c3,0x3cc936b795a188f0e246cbb2d74c5bd190aecf18,109794.04171825,deposit_to_exchange
0x0acd056efba224af6fdee21505a0704e0e825c1cd027a1424e002a9fb5a980ca,2024-11-04 16:51:35+00:00,0x6f399b26ea6af7cc51a4d71a2c8eec067db08249,0x3cc936b795a188f0e246cbb2d74c5bd190aecf18,213500.0,deposit_to_exchange
0x39e538f04635837adc780804ab5e34669d31ddca3c82e8c084a093c747682283,2024-10-29 18:41:35+00:00,0xb8cf82b0a06fe146b6a90db40d487e614302e919,0x58edf78281334335effa23101bbe3371b6a36a51,111859.484,deposit_to_exchange
0x8715bc21788f5ce2315b9ad12ae75e4e18d7b7a88b9f0bb1e95d395a86338c77,2024-10-09 10:10:35+00:00,0xb94ca76c8269d8e573a8a22e7a5744d094656a5b,0x58edf78281334335effa23101bbe3371b6a36a51,150110.0505,deposit_to_exchange
0xe4757cbdf40992b00819d81337870d98781a8add9785c821dc3b01a89bf7b8e0,2024-10-07 07:44:35+00:00,0xb8cf82b0a06fe146b6a90db40d487e614302e919,0x58edf78281334335effa23101bbe3371b6a36a51,111858.5,deposit_to_exchange
0xd127602d334d3cae0de26ee6b2da16cda461346de26aa60d7a61217bf70f3a77,2024-10-01 00:35:23+00:00,0xb8e6d31e7b212b2b7250ee9c26c56cebbfbe6b23,0x58edf78281334335effa23101bbe3371b6a36a51,238900.0,deposit_to_exchange
0x232ed9ef67b7997554523caf19a70919b3f12469de54d36763ebbeb7344dc6a2,2024-09-28 02:00:59+00:00,0x58edf78281334335effa23101bbe3371b6a36a51,0x446b86a33e2a438f569b15855189e3da28d027ba,224681.7574000253,withdrawal_from_exchange
0xe7d5ade5fd8e293d26135ebff42e99596ba4dc6eaf502057292e58f675d6f830,2024-09-27 01:58:23+00:00,0x446b86a33e2a438f569b15855189e3da28d027ba,0x58edf78281334335effa23101bbe3371b6a36a51,200000.0,deposit_to_exchange
0x54ec590cd98abd1d847682455aecfd3c3fc0d3e15e22670c195218208f54e27c,2024-09-26 23:35:47+00:00,0x7b3054352b0d063a1518f02f1f1fa9ece72a52f7,0x58edf78281334335effa23101bbe3371b6a36a51,135000.0,deposit_to_exchange
0x4cd7d32409c52176b9cd07775ec8694fddd8da2ac287746781a220ff9e585eee,2024-09-24 11:00:47+00:00,0x58edf78281334335effa23101bbe3371b6a36a51,0xb8e6d31e7b212b2b7250ee9c26c56cebbfbe6b23,121100.95922453159,withdrawal_from_exchange
0x9b487d62e6afbf4c3250127857cbb0a7b4bb830783af49d3948f75d96ec4b242,2024-09-24 09:40:23+00:00,0xe3c5bda0a7e593e8f35101b95546966a91fe59ee,0x58edf78281334335effa23101bbe3371b6a36a51,252020.1289466765,deposit_to_exchange
0x1ab435db00e96265bff9a1ab1a00012ae42874dda185d3f6ecf72c933cac4e65,2024-09-09 05:05:47+00:00,0x24e896d52cd44aaf83587e54d92a4c3d01e13b67,0x58edf78281334335effa23101bbe3371b6a36a51,150000.0,deposit_to_exchange
0xb2b8ea36f0aa50e3f25c494c56e696bd31871ff4a397bfd07ce61a2eadd655e2,2024-09-09 02:54:59+00:00,0x926a4354ef671aac7b63ff1eddb620638e3d8893,0x9642b23ed1e01df1092b92641051881a322f5d4e,100000.0,deposit_to_exchange
0x3f62b36ef9a3b3369001176ba9643d1b5cc0bdabdce08dd7845c72896d3315d3,2024-08-05 14:33:59+00:00,0xc593fe9193b745447e86b45ea0bf62565ee030cc,0x3fc91a3afd70395cd496c647d5a6cc9d4b2b7fad,134659.58628078483,withdrawal_from_exchange
0xe59c8d0a5f402148f5ea6dfb850b252649124929f7aecf76edc680facac8fcd9,2024-08-05 02:33:47+00:00,0x5f515f6c524b18ca30f7783fb58dd4be2e9904ec,0xc593fe9193b745447e86b45ea0bf62565ee030cc,100000.0,deposit_to_exchange
0x0912f4872de51600f38f7fe0762493583d0c53f7884fc76b12c33980d477152f,2024-08-01 02:00:47+00:00,0x58edf78281334335effa23101bbe3371b6a36a51,0xb8e6d31e7b212b2b7250ee9c26c56cebbfbe6b23,162886.69859684122,withdrawal_from_exchange
0xaf8463af0e2e2dc686aa021b226af28067cbaf0e2a488ab1f50075d352555327,2024-07-30 04:00:11+00:00,0xb8e6d31e7b212b2b7250ee9c26c56cebbfbe6b23,0x58edf78281334335effa23101bbe3371b6a36a51,339100.0,deposit_to_exchange
0x689fd03e95b5da7ec48f534936542cecc2a434f0ba091e61b60475fbaf49307a,2024-07-30 02:01:11+00:00,0x58edf78281334335effa23101bbe3371b6a36a51,0xb8e6d31e7b212b2b7250ee9c26c56cebbfbe6b23,322943.48243566824,withdrawal_from_exchange
0x5d7685a5dcfe908d17b3521148af8ad7718feda7b723b33d1aed1283a1531f2a,2024-07-29 19:41:47+00:00,0x1f3f3bc016d1e76160ee45084307bed1233e952b,0x58edf78281334335effa23101bbe3371b6a36a51,250000.0,deposit_to_exchange
0x335e367b5c7f1e5337bf4e8d2d6f8e0d0c55e695932c1ed0a0e3e36e0ecb2ab2,2024-07-28 16:18:11+00:00,0xb8e6d31e7b212b2b7250ee9c26c56cebbfbe6b23,0x58edf78281334335effa23101bbe3371b6a36a51,200000.0,deposit_to_exchange
0x001e5a334fd4d6d7eb7d49a6348831b077a6de172391de726b632739276eb1e5,2024-07-23 02:00:59+00:00,0x58edf78281334335effa23101bbe3371b6a36a51,0xb8e6d31e7b212b2b7250ee9c26c56cebbfbe6b23,451027.36656445113,withdrawal_from_exchange
0x2917855fe25e73c648f77ad97ca9570fe3b8aecc56582d5eda805bf7a3291d1c,2024-07-21 07:27:59+00:00,0xe0bca1dec87ad059aed295bd4d2e38b21e10040a,0x3cc936b795a188f0e246cbb2d74c5bd190aecf18,150000.0,deposit_to_exchange
0x8b5f046962df7f5029486b6b07f5d1e7b89a249f969f473d9bd808c17e6a456b,2024-07-21 06:51:59+00:00,0x58edf78281334335effa23101bbe3371b6a36a51,0xf023d915456fb87126bb6b1c2813a0713a6ee393,150000.0,withdrawal_from_exchange
0xf5e2a9284496cdbe9e82eccfee7c3e1fc8ecf7c6dfa8bba2bfce7b3519cab9bc,2024-07-21 04:45:47+00:00,0xb8e6d31e7b212b2b7250ee9c26c56cebbfbe6b23,0x58edf78281334335effa23101bbe3371b6a36a51,650001.0,deposit_to_exchange
0xb7716fdf7ea4798f26af92961631882fee28066c25d686c887fa0d4a415d66f3,2024-07-19 02:00:59+00:00,0x58edf78281334335effa23101bbe3371b6a36a51,0x446b86a33e2a438f569b15855189e3da28d027ba,393332.2672934789,withdrawal_from_exchange
0xce8a1903b6aa55cb922af4268e79e621853fc09eb6d676d73bd15766a2628490,2024-07-18 23:11:47+00:00,0x58edf78281334335effa23101bbe3371b6a36a51,0xd6216fc19db775df9774a6e33526131da7d19a2c,3550000.0,withdrawal_from_exchange
0xda90d595e34a5fecdc0f856902f440d6f48b09a8a8931a344eb6e1934858bb21,2024-07-18 10:06:11+00:00,0x58edf78281334335effa23101bbe3371b6a36a51,0xd6216fc19db775df9774a6e33526131da7d19a2c,5000000.0,withdrawal_from_exchange
0xff08cde97c03488be6a93cc822b716560fa918fdb7e8ffa49cef2aa5f2043d17,2024-07-18 10:06:11+00:00,0x58edf78281334335effa23101bbe3371b6a36a51,0x446b86a33e2a438f569b15855189e3da28d027ba,650000.0,withdrawal_from_exchange
0x512d47f386f9c9d6e0cf160f714ff4861a450bbd485b8fc839348b5cc2c28248,2024-07-18 10:06:11+00:00,0x58edf78281334335effa23101bbe3371b6a36a51,0xb8e6d31e7b212b2b7250ee9c26c56cebbfbe6b23,650000.0,withdrawal_from_exchange
0x335bae2fe57cae567706adf41b19ca7c7604329cf86d4bafecfceda64aa041e7,2024-07-18 08:38:59+00:00,0xedcc89693e627e16a1d1b8a0e7d1e9fbd291b167,0x58edf78281334335effa23101bbe3371b6a36a51,1400100.0,deposit_to_exchange
0x81f3bfca21394d6218ff58596ed368baa310820853350e18ac31c4ce74a1279c,2024-07-11 02:45:35+00:00,0xd0113e9c698393b25c18899d5fe74257a5644298,0x58edf78281334335effa23101bbe3371b6a36a51,9119644.0,deposit_to_exchange
0xeec6de26cb69a99369b18f15cde632106183ff42adf2a63314086803ad7b9aa1,2024-07-05 10:02:23+00:00,0x8da2931006453e0285682314af5bcd2377deaeb1,0xafedf06777839d59eed3163cc3e0a5057b514399,213987.99332668018,withdrawal_from_exchange
0x61cb2eefe47c731980a369308a856c48a7c56241e0990535a46c77ac5b45dae4,2024-07-05 08:41:11+00:00,0x957d53722e2ceac44703bf8f68d157cfc73bcdca,0x6c69fa64ec451b1bc5b5fbaa56cf648a281634be,480172.0,deposit_to_exchange
0x1f2f34a24b68c3c626ed6d39ebc0b2a8ae4f134fec4526f175c61e777e008676,2024-07-04 09:58:11+00:00,0x931cd0b373181defcc965505c8ff61029effc34c,0x1ab4973a48dc892cd9971ece8e01dcc7688f8f23,524960.0,deposit_to_exchange
0xedba2bdc770401ccd662b71d746db300958062edcd28721773ac973b2119d9b7,2024-07-04 00:14:47+00:00,0x393c5bde0966960943ae14c62369b108965c09e4,0x3cc936b795a188f0e246cbb2d74c5bd190aecf18,131438.27984312872,deposit_to_exchange
0x6ec35e0a050cffc5185b65ba2aa29b915ab5009e626f764d93cbe00dabd3539d,2024-07-02 14:07:59+00:00,0xe0bca1dec87ad059aed295bd4d2e38b21e10040a,0x3cc936b795a188f0e246cbb2d74c5bd190aecf18,100000.0,deposit_to_exchange
0x571fb9094049af81268d361e98f949cd8c9a66eb995cbddfa2d1447c4afe7e05,2024-07-01 10:00:23+00:00,0x3cc936b795a188f0e246cbb2d74c5bd190aecf18,0x75e89d5979e4f6fba9f97c104c2f0afb3f1dcb88,10272557.0,withdrawal_from_exchange
0xf439ec0e05a7cef074e942d237f64b325ab41f6a33d086228b7ee43609548462,2024-07-01 09:19:47+00:00,0x1ffbdf86dcd09980ee8e2e89a301c5e15f2d49c7,0x3cc936b795a188f0e246cbb2d74c5bd190aecf18,10272557.0,deposit_to_exchange
0x75f8b62e444927d34b942169f36578c6c2cb535b3e04639cb412cac95abbcb9f,2024-06-28 02:30:23+00:00,0x16b6f205d9fad0b57d42c7c09ee29e37df4cb7f7,0x8da2931006453e0285682314af5bcd2377deaeb1,257831.50895451018,deposit_to_exchange
0xb8ea8b687c99a7a8cfbae1d1f49f2fbd7d0e343ec875fb13b844b2d3a4d5fbd1,2024-06-25 01:20:59+00:00,0x5dce4b9393e89ad390b930956ddfa0bfe66e6faa,0xc593fe9193b745447e86b45ea0bf62565ee030cc,1720955.0839893324,deposit_to_exchange
